subjectID,sessionID,taskID,dataset
1,1,0,fog_star
1,1,0,fog_star
1,1,0,fog_star
1,1,0,fog_star
1,1,0,fog_star
1,1,0,fog_star
1,1,0,fog_star
1,1,0,fog_star
1,1,0,fog_star
1,1,0,fog_star
1,1,0,fog_star
1,1,0,fog_star
1,1,0,fog_star
1,1,0,fog_star
1,1,0,fog_star
1,1,0,fog_star
1,1,0,fog_star
1,1,0,fog_star
1,1,0,fog_star
1,1,0,fog_star
1,1,0,fog_star
1,1,0,fog_star
1,1,0,fog_star
1,1,0,fog_star
1,1,0,fog_star
1,1,0,fog_star
1,1,0,fog_star
1,1,0,fog_star
1,1,0,fog_star
1,1,0,fog_star
1,1,0,fog_star
1,1,0,fog_star
1,1,0,fog_star
1,1,0,fog_star
1,1,0,fog_star
1,1,0,fog_star
1,1,0,fog_star
1,1,0,fog_star
1,1,0,fog_star
1,1,0,fog_star
1,1,0,fog_star
1,1,0,fog_star
1,1,0,fog_star
1,1,0,fog_star
1,1,0,fog_star
1,1,0,fog_star
1,1,0,fog_star
1,1,0,fog_star
1,1,0,fog_star
1,1,0,fog_star
1,1,0,fog_star
1,1,0,fog_star
1,1,0,fog_star
1,1,0,fog_star
1,1,0,fog_star
1,1,0,fog_star
1,1,0,fog_star
1,1,0,fog_star
1,1,0,fog_star
1,1,0,fog_star
1,1,0,fog_star
1,1,0,fog_star
1,1,0,fog_star
1,1,0,fog_star
1,1,0,fog_star
1,1,0,fog_star
1,1,0,fog_star
1,1,0,fog_star
1,1,0,fog_star
1,1,0,fog_star
1,1,0,fog_star
1,1,0,fog_star
1,1,0,fog_star
1,1,0,fog_star
1,1,0,fog_star
1,1,0,fog_star
1,1,0,fog_star
1,1,0,fog_star
1,1,0,fog_star
1,1,0,fog_star
1,1,0,fog_star
1,1,0,fog_star
1,1,0,fog_star
1,1,0,fog_star
1,1,0,fog_star
1,1,0,fog_star
1,1,0,fog_star
1,1,0,fog_star
1,1,0,fog_star
1,1,0,fog_star
1,1,0,fog_star
1,1,0,fog_star
1,1,0,fog_star
1,1,0,fog_star
1,1,0,fog_star
1,1,0,fog_star
2,1,0,fog_star
2,1,0,fog_star
2,1,0,fog_star
2,1,0,fog_star
2,1,0,fog_star
2,1,0,fog_star
2,1,0,fog_star
2,1,0,fog_star
2,1,0,fog_star
2,1,0,fog_star
2,1,0,fog_star
2,1,0,fog_star
2,1,0,fog_star
2,1,0,fog_star
2,1,0,fog_star
2,1,0,fog_star
2,1,0,fog_star
2,1,0,fog_star
2,1,0,fog_star
2,1,0,fog_star
2,1,0,fog_star
2,1,0,fog_star
2,1,0,fog_star
2,1,0,fog_star
2,1,0,fog_star
2,1,0,fog_star
2,1,0,fog_star
2,1,0,fog_star
2,1,0,fog_star
2,1,0,fog_star
2,1,0,fog_star
2,1,0,fog_star
2,1,0,fog_star
2,1,0,fog_star
2,1,0,fog_star
2,1,0,fog_star
2,1,0,fog_star
2,1,0,fog_star
2,1,0,fog_star
2,1,0,fog_star
2,1,0,fog_star
2,1,0,fog_star
2,1,0,fog_star
2,1,0,fog_star
2,1,0,fog_star
2,1,0,fog_star
2,1,0,fog_star
2,1,0,fog_star
2,1,0,fog_star
2,1,0,fog_star
2,1,0,fog_star
2,1,0,fog_star
2,1,0,fog_star
2,1,0,fog_star
2,1,0,fog_star
2,1,0,fog_star
2,1,0,fog_star
2,1,0,fog_star
2,1,0,fog_star
2,1,0,fog_star
2,1,0,fog_star
2,1,0,fog_star
2,1,0,fog_star
2,1,0,fog_star
2,1,0,fog_star
2,1,0,fog_star
2,1,0,fog_star
2,1,0,fog_star
2,1,0,fog_star
2,1,0,fog_star
2,1,0,fog_star
2,1,0,fog_star
2,1,0,fog_star
2,1,0,fog_star
2,1,0,fog_star
2,1,0,fog_star
2,1,0,fog_star
2,1,0,fog_star
2,1,0,fog_star
2,1,0,fog_star
2,1,0,fog_star
2,1,0,fog_star
2,1,0,fog_star
2,1,0,fog_star
2,1,0,fog_star
2,1,0,fog_star
2,1,0,fog_star
2,1,0,fog_star
2,1,0,fog_star
2,1,0,fog_star
3,1,0,fog_star
3,1,0,fog_star
3,1,0,fog_star
3,1,0,fog_star
3,1,0,fog_star
3,1,0,fog_star
3,1,0,fog_star
3,1,0,fog_star
3,1,0,fog_star
3,1,0,fog_star
3,1,0,fog_star
3,1,0,fog_star
3,1,0,fog_star
3,1,0,fog_star
3,1,0,fog_star
3,1,0,fog_star
3,1,0,fog_star
3,1,0,fog_star
3,1,0,fog_star
3,1,0,fog_star
3,1,0,fog_star
3,1,0,fog_star
3,1,0,fog_star
3,1,0,fog_star
3,1,0,fog_star
3,1,0,fog_star
3,1,0,fog_star
3,1,0,fog_star
3,1,0,fog_star
3,1,0,fog_star
3,1,0,fog_star
3,1,0,fog_star
3,1,0,fog_star
3,1,0,fog_star
3,1,0,fog_star
3,1,0,fog_star
3,1,0,fog_star
3,1,0,fog_star
3,1,0,fog_star
3,1,0,fog_star
3,1,0,fog_star
3,1,0,fog_star
3,1,0,fog_star
3,1,0,fog_star
3,1,0,fog_star
3,1,0,fog_star
4,1,0,fog_star
4,1,0,fog_star
4,1,0,fog_star
4,1,0,fog_star
4,1,0,fog_star
4,1,0,fog_star
4,1,0,fog_star
4,1,0,fog_star
4,1,0,fog_star
4,1,0,fog_star
4,1,0,fog_star
4,1,0,fog_star
4,1,0,fog_star
4,1,0,fog_star
4,1,0,fog_star
4,1,0,fog_star
4,1,0,fog_star
4,1,0,fog_star
4,1,0,fog_star
4,1,0,fog_star
4,1,0,fog_star
4,1,0,fog_star
4,1,0,fog_star
4,1,0,fog_star
4,1,0,fog_star
4,1,0,fog_star
4,1,0,fog_star
4,1,0,fog_star
4,1,0,fog_star
4,1,0,fog_star
4,1,0,fog_star
4,1,0,fog_star
4,1,0,fog_star
4,1,0,fog_star
4,1,0,fog_star
4,1,0,fog_star
4,1,0,fog_star
4,1,0,fog_star
4,1,0,fog_star
4,1,0,fog_star
4,1,0,fog_star
4,1,0,fog_star
4,1,0,fog_star
4,1,0,fog_star
4,1,0,fog_star
4,1,0,fog_star
4,1,0,fog_star
4,1,0,fog_star
4,1,0,fog_star
4,1,0,fog_star
4,1,0,fog_star
4,1,0,fog_star
4,1,0,fog_star
4,1,0,fog_star
4,1,0,fog_star
4,1,0,fog_star
4,1,0,fog_star
4,1,0,fog_star
4,1,0,fog_star
4,1,0,fog_star
4,1,0,fog_star
4,1,0,fog_star
4,1,0,fog_star
4,1,0,fog_star
4,1,0,fog_star
4,1,0,fog_star
4,1,0,fog_star
4,1,0,fog_star
4,1,0,fog_star
4,1,0,fog_star
4,1,0,fog_star
4,1,0,fog_star
4,1,0,fog_star
4,1,0,fog_star
4,1,0,fog_star
4,1,0,fog_star
4,1,0,fog_star
4,1,0,fog_star
4,1,0,fog_star
4,1,0,fog_star
4,1,0,fog_star
4,1,0,fog_star
4,1,0,fog_star
4,1,0,fog_star
4,1,0,fog_star
4,1,0,fog_star
4,1,0,fog_star
4,1,0,fog_star
4,1,0,fog_star
4,1,0,fog_star
4,1,0,fog_star
5,1,0,pd_phone
5,1,0,pd_phone
5,1,0,pd_phone
5,1,0,pd_phone
5,1,0,pd_phone
5,1,0,pd_phone
5,1,0,pd_phone
5,1,0,pd_phone
5,1,0,pd_phone
5,1,0,pd_phone
5,1,0,pd_phone
5,1,0,pd_phone
5,1,0,pd_phone
5,1,0,pd_phone
5,1,0,pd_phone
5,1,0,pd_phone
5,1,0,pd_phone
5,1,0,pd_phone
5,1,0,pd_phone
5,1,0,pd_phone
5,1,0,pd_phone
5,2,0,fog_star
5,2,0,fog_star
5,2,0,fog_star
5,2,0,fog_star
5,2,0,fog_star
5,2,0,fog_star
5,2,0,fog_star
5,2,0,fog_star
5,2,0,fog_star
5,2,0,fog_star
5,2,0,fog_star
5,2,0,fog_star
5,2,0,fog_star
5,2,0,fog_star
5,2,0,fog_star
5,2,0,fog_star
5,2,0,fog_star
5,2,0,fog_star
5,2,0,fog_star
5,2,0,fog_star
5,2,0,fog_star
5,2,0,fog_star
5,2,0,fog_star
5,2,0,fog_star
6,1,0,pd_phone
6,1,0,pd_phone
6,1,0,pd_phone
6,1,0,pd_phone
6,1,0,pd_phone
6,1,0,pd_phone
6,1,0,pd_phone
6,1,0,pd_phone
6,1,0,pd_phone
6,1,0,pd_phone
6,1,0,pd_phone
6,1,0,pd_phone
6,1,0,pd_phone
6,1,0,pd_phone
6,1,0,pd_phone
6,1,0,pd_phone
6,1,0,pd_phone
6,1,0,pd_phone
6,1,0,pd_phone
7,1,0,pd_phone
7,1,0,pd_phone
7,1,0,pd_phone
7,1,0,pd_phone
7,1,0,pd_phone
7,1,0,pd_phone
7,1,0,pd_phone
7,1,0,pd_phone
7,1,0,pd_phone
7,1,0,pd_phone
7,1,0,pd_phone
7,1,0,pd_phone
7,1,0,pd_phone
7,1,0,pd_phone
7,1,0,pd_phone
7,1,0,pd_phone
7,1,0,pd_phone
7,1,0,pd_phone
7,1,0,pd_phone
7,1,0,pd_phone
7,1,0,pd_phone
7,1,0,pd_phone
8,1,0,pd_phone
8,1,0,pd_phone
8,1,0,pd_phone
8,1,0,pd_phone
8,1,0,pd_phone
8,1,0,pd_phone
8,1,0,pd_phone
8,1,0,pd_phone
8,1,0,pd_phone
8,1,0,pd_phone
8,1,0,pd_phone
8,1,0,pd_phone
8,1,0,pd_phone
8,1,0,pd_phone
8,1,0,pd_phone
8,1,0,pd_phone
8,1,0,pd_phone
8,1,0,pd_phone
8,1,0,pd_phone
9,1,0,pd_phone
9,1,0,pd_phone
9,1,0,pd_phone
9,1,0,pd_phone
9,1,0,pd_phone
9,1,0,pd_phone
9,1,0,pd_phone
9,1,0,pd_phone
9,1,0,pd_phone
9,1,0,pd_phone
9,1,0,pd_phone
9,1,0,pd_phone
9,1,0,pd_phone
9,1,0,pd_phone
9,1,0,pd_phone
9,1,0,pd_phone
9,1,0,pd_phone
9,1,0,pd_phone
9,1,0,pd_phone
9,1,0,pd_phone
9,1,0,pd_phone
9,1,2,fog_star
9,1,2,fog_star
9,1,2,fog_star
9,1,2,fog_star
9,1,2,fog_star
9,1,2,fog_star
9,1,2,fog_star
9,1,2,fog_star
9,1,2,fog_star
9,1,2,fog_star
9,1,2,fog_star
9,1,2,fog_star
9,1,2,fog_star
9,1,2,fog_star
9,1,2,fog_star
9,1,2,fog_star
9,1,2,fog_star
9,1,2,fog_star
9,1,2,fog_star
9,1,2,fog_star
9,1,2,fog_star
9,1,2,fog_star
9,1,2,fog_star
10,1,0,pd_phone
10,1,0,pd_phone
10,1,0,pd_phone
10,1,0,pd_phone
10,1,0,pd_phone
10,1,0,pd_phone
10,1,0,pd_phone
10,1,0,pd_phone
10,1,0,pd_phone
10,1,0,pd_phone
10,1,0,pd_phone
10,1,0,pd_phone
10,1,0,pd_phone
10,1,0,pd_phone
10,1,0,pd_phone
10,1,0,pd_phone
10,1,0,pd_phone
10,1,0,pd_phone
10,1,0,pd_phone
10,1,0,pd_phone
10,1,0,pd_phone
10,1,0,pd_phone
10,1,0,pd_phone
10,1,2,fog_star
10,1,2,fog_star
10,1,2,fog_star
10,1,2,fog_star
10,1,2,fog_star
10,1,2,fog_star
10,1,2,fog_star
10,1,2,fog_star
10,1,2,fog_star
10,1,2,fog_star
10,1,2,fog_star
10,1,2,fog_star
10,1,2,fog_star
10,1,2,fog_star
10,1,2,fog_star
10,1,2,fog_star
10,1,2,fog_star
10,1,2,fog_star
10,1,2,fog_star
10,1,2,fog_star
10,1,2,fog_star
10,1,2,fog_star
10,1,2,fog_star
10,1,2,fog_star
10,1,2,fog_star
10,1,2,fog_star
10,1,2,fog_star
10,1,2,fog_star
10,1,2,fog_star
10,1,2,fog_star
10,1,2,fog_star
10,1,2,fog_star
10,1,2,fog_star
10,1,2,fog_star
10,1,2,fog_star
10,1,2,fog_star
10,1,2,fog_star
10,1,2,fog_star
11,1,0,pd_phone
11,1,0,pd_phone
11,1,0,pd_phone
11,1,0,pd_phone
11,1,0,pd_phone
11,1,0,pd_phone
11,1,0,pd_phone
11,1,0,pd_phone
11,1,0,pd_phone
11,1,0,pd_phone
11,1,0,pd_phone
11,1,0,pd_phone
11,1,0,pd_phone
11,1,0,pd_phone
11,1,0,pd_phone
11,1,0,pd_phone
11,1,0,pd_phone
11,1,0,pd_phone
11,1,0,pd_phone
11,1,0,pd_phone
11,1,0,pd_phone
11,1,0,pd_phone
11,1,2,fog_star
11,1,2,fog_star
11,1,2,fog_star
11,1,2,fog_star
11,1,2,fog_star
11,1,2,fog_star
11,1,2,fog_star
11,1,2,fog_star
11,1,2,fog_star
11,1,2,fog_star
11,1,2,fog_star
11,1,2,fog_star
11,1,2,fog_star
11,1,2,fog_star
11,1,2,fog_star
11,1,2,fog_star
11,1,2,fog_star
11,1,2,fog_star
11,1,2,fog_star
11,1,2,fog_star
11,1,2,fog_star
11,1,2,fog_star
11,1,2,fog_star
11,1,2,fog_star
11,1,2,fog_star
11,1,2,fog_star
11,1,2,fog_star
11,1,2,fog_star
11,1,2,fog_star
11,1,2,fog_star
11,1,2,fog_star
11,1,2,fog_star
11,1,2,fog_star
11,1,2,fog_star
11,1,2,fog_star
11,1,2,fog_star
11,1,2,fog_star
11,1,2,fog_star
11,1,2,fog_star
11,1,2,fog_star
11,1,2,fog_star
11,1,2,fog_star
11,1,2,fog_star
11,1,2,fog_star
11,1,2,fog_star
11,1,2,fog_star
11,1,2,fog_star
11,1,2,fog_star
11,1,2,fog_star
11,1,2,fog_star
11,1,2,fog_star
11,1,2,fog_star
11,1,2,fog_star
11,1,2,fog_star
11,1,2,fog_star
11,1,2,fog_star
11,1,2,fog_star
11,1,2,fog_star
11,1,2,fog_star
11,1,2,fog_star
12,1,0,pd_phone
12,1,0,pd_phone
12,1,0,pd_phone
12,1,0,pd_phone
12,1,0,pd_phone
12,1,0,pd_phone
12,1,0,pd_phone
12,1,0,pd_phone
12,1,0,pd_phone
12,1,0,pd_phone
12,1,0,pd_phone
12,1,0,pd_phone
12,1,0,pd_phone
12,1,0,pd_phone
12,1,0,pd_phone
12,1,0,pd_phone
12,1,0,pd_phone
12,1,0,pd_phone
12,1,0,pd_phone
12,1,0,pd_phone
12,1,0,pd_phone
12,1,0,pd_phone
13,1,0,pd_phone
13,1,0,pd_phone
13,1,0,pd_phone
13,1,0,pd_phone
13,1,0,pd_phone
13,1,0,pd_phone
13,1,0,pd_phone
13,1,0,pd_phone
13,1,0,pd_phone
13,1,0,pd_phone
13,1,0,pd_phone
13,1,0,pd_phone
13,1,0,pd_phone
13,1,0,pd_phone
13,1,0,pd_phone
13,1,0,pd_phone
13,1,0,pd_phone
13,1,0,pd_phone
13,1,0,pd_phone
13,1,0,pd_phone
13,1,0,pd_phone
13,1,2,fog_star
13,1,2,fog_star
13,1,2,fog_star
13,1,2,fog_star
13,1,2,fog_star
13,1,2,fog_star
13,1,2,fog_star
13,1,2,fog_star
13,1,2,fog_star
13,1,2,fog_star
13,1,2,fog_star
13,1,2,fog_star
13,1,2,fog_star
13,1,2,fog_star
13,1,2,fog_star
13,1,2,fog_star
13,1,2,fog_star
13,1,2,fog_star
13,1,2,fog_star
13,1,2,fog_star
13,1,2,fog_star
13,1,2,fog_star
13,1,2,fog_star
13,1,2,fog_star
13,1,2,fog_star
13,1,2,fog_star
13,1,2,fog_star
13,1,2,fog_star
14,1,0,pd_phone
14,1,0,pd_phone
14,1,0,pd_phone
14,1,0,pd_phone
14,1,0,pd_phone
14,1,0,pd_phone
14,1,0,pd_phone
14,1,0,pd_phone
14,1,0,pd_phone
14,1,0,pd_phone
14,1,0,pd_phone
14,1,0,pd_phone
14,1,0,pd_phone
14,1,0,pd_phone
14,1,0,pd_phone
14,1,0,pd_phone
14,1,0,pd_phone
14,1,0,pd_phone
14,1,0,pd_phone
14,1,0,pd_phone
14,1,0,pd_phone
14,1,0,pd_phone
14,1,0,pd_phone
14,1,0,pd_phone
14,1,2,fog_star
14,1,2,fog_star
14,1,2,fog_star
14,1,2,fog_star
14,1,2,fog_star
14,1,2,fog_star
14,1,2,fog_star
14,1,2,fog_star
14,1,2,fog_star
14,1,2,fog_star
14,1,2,fog_star
14,1,2,fog_star
14,1,2,fog_star
14,1,2,fog_star
14,1,2,fog_star
14,1,2,fog_star
14,1,2,fog_star
14,1,2,fog_star
14,1,2,fog_star
14,1,2,fog_star
14,1,2,fog_star
14,1,2,fog_star
14,1,2,fog_star
14,1,2,fog_star
14,1,2,fog_star
14,1,2,fog_star
14,1,2,fog_star
14,1,2,fog_star
14,1,2,fog_star
14,1,2,fog_star
15,1,0,pd_phone
15,1,0,pd_phone
15,1,0,pd_phone
15,1,0,pd_phone
15,1,0,pd_phone
15,1,0,pd_phone
15,1,0,pd_phone
15,1,0,pd_phone
15,1,0,pd_phone
15,1,0,pd_phone
15,1,0,pd_phone
15,1,0,pd_phone
15,1,0,pd_phone
15,1,0,pd_phone
15,1,0,pd_phone
15,1,0,pd_phone
15,1,0,pd_phone
15,1,0,pd_phone
15,1,0,pd_phone
15,1,0,pd_phone
15,1,0,pd_phone
15,1,2,fog_star
15,1,2,fog_star
15,1,2,fog_star
15,1,2,fog_star
15,1,2,fog_star
15,1,2,fog_star
15,1,2,fog_star
15,1,2,fog_star
15,1,2,fog_star
15,1,2,fog_star
15,1,2,fog_star
15,1,2,fog_star
15,1,2,fog_star
15,1,2,fog_star
15,1,2,fog_star
15,1,2,fog_star
15,1,2,fog_star
15,1,2,fog_star
15,1,2,fog_star
15,1,2,fog_star
15,1,2,fog_star
15,1,2,fog_star
15,1,2,fog_star
15,1,2,fog_star
15,1,2,fog_star
15,1,2,fog_star
15,1,2,fog_star
15,1,2,fog_star
15,1,2,fog_star
15,1,2,fog_star
15,1,2,fog_star
15,1,2,fog_star
15,1,2,fog_star
15,1,2,fog_star
15,1,2,fog_star
16,1,0,omnia_park
16,1,0,omnia_park
16,1,0,omnia_park
16,1,0,omnia_park
16,1,0,omnia_park
16,1,0,omnia_park
16,1,0,omnia_park
16,1,0,omnia_park
16,1,0,omnia_park
16,1,0,omnia_park
16,1,0,omnia_park
16,1,0,omnia_park
16,1,0,omnia_park
16,1,0,omnia_park
16,1,0,omnia_park
16,1,0,omnia_park
16,1,0,omnia_park
16,1,0,omnia_park
16,1,0,omnia_park
16,1,0,omnia_park
16,1,0,omnia_park
16,1,0,omnia_park
16,1,0,omnia_park
16,1,0,omnia_park
16,1,0,omnia_park
16,1,0,omnia_park
16,1,0,omnia_park
16,1,0,omnia_park
16,1,0,omnia_park
16,1,0,omnia_park
16,1,0,omnia_park
16,1,0,omnia_park
16,1,0,omnia_park
16,1,0,omnia_park
16,1,0,omnia_park
16,1,0,omnia_park
16,1,0,omnia_park
16,1,0,omnia_park
16,1,0,omnia_park
16,1,0,omnia_park
16,1,0,omnia_park
16,1,0,omnia_park
16,1,0,omnia_park
16,1,0,omnia_park
16,1,0,omnia_park
16,1,0,omnia_park
16,1,0,omnia_park
16,1,0,omnia_park
16,1,0,omnia_park
16,1,0,omnia_park
16,1,0,omnia_park
16,1,0,omnia_park
16,1,0,omnia_park
16,1,0,omnia_park
16,1,0,omnia_park
16,1,0,omnia_park
16,1,0,omnia_park
16,1,0,omnia_park
16,1,0,omnia_park
16,1,0,omnia_park
16,1,0,omnia_park
16,1,0,omnia_park
16,1,0,omnia_park
16,1,0,omnia_park
16,1,0,omnia_park
16,1,0,omnia_park
16,1,0,omnia_park
16,1,0,omnia_park
16,1,0,omnia_park
16,1,0,omnia_park
16,1,0,omnia_park
16,1,0,omnia_park
16,1,0,omnia_park
16,1,0,omnia_park
16,1,0,omnia_park
16,1,0,omnia_park
16,1,2,fog_star
16,1,2,fog_star
16,1,2,fog_star
16,1,2,fog_star
16,1,2,fog_star
16,1,2,fog_star
16,1,2,fog_star
16,1,2,fog_star
16,1,2,fog_star
16,1,2,fog_star
16,1,2,fog_star
16,1,2,fog_star
16,1,2,fog_star
16,1,2,fog_star
16,1,2,fog_star
16,1,2,fog_star
16,1,2,fog_star
16,1,2,fog_star
16,1,2,fog_star
16,1,2,fog_star
16,1,2,fog_star
16,1,2,fog_star
16,1,2,fog_star
16,1,2,fog_star
16,1,2,fog_star
16,1,2,fog_star
16,1,2,fog_star
16,1,2,fog_star
16,1,2,fog_star
16,1,2,fog_star
16,1,2,fog_star
16,1,2,fog_star
16,1,2,fog_star
16,1,2,fog_star
16,1,2,fog_star
16,1,2,fog_star
16,1,2,fog_star
16,1,2,fog_star
16,1,2,fog_star
16,1,2,fog_star
16,1,2,fog_star
16,1,2,fog_star
16,1,2,fog_star
16,1,2,fog_star
17,1,0,omnia_park
17,1,0,omnia_park
17,1,0,omnia_park
17,1,0,omnia_park
17,1,0,omnia_park
17,1,0,omnia_park
17,1,0,omnia_park
17,1,0,omnia_park
17,1,0,omnia_park
17,1,0,omnia_park
17,1,0,omnia_park
17,1,0,omnia_park
17,1,0,omnia_park
17,1,0,omnia_park
17,1,0,omnia_park
17,1,0,omnia_park
17,1,0,omnia_park
17,1,0,omnia_park
17,1,0,omnia_park
17,1,0,omnia_park
17,1,0,omnia_park
17,1,0,omnia_park
17,1,0,omnia_park
17,1,0,omnia_park
17,1,0,omnia_park
17,1,0,omnia_park
17,1,0,omnia_park
17,1,0,omnia_park
17,1,0,omnia_park
17,1,0,omnia_park
17,1,0,omnia_park
17,1,0,omnia_park
17,1,0,omnia_park
17,1,0,omnia_park
17,1,0,omnia_park
17,1,0,omnia_park
17,1,0,omnia_park
17,1,0,omnia_park
17,1,0,omnia_park
17,1,0,omnia_park
17,1,0,omnia_park
17,1,0,omnia_park
17,1,0,omnia_park
17,1,0,omnia_park
17,1,0,omnia_park
17,1,0,omnia_park
17,1,0,omnia_park
17,1,0,omnia_park
17,1,0,omnia_park
17,1,0,omnia_park
17,1,0,omnia_park
17,1,0,omnia_park
17,1,0,omnia_park
17,1,0,omnia_park
17,1,0,omnia_park
17,1,0,omnia_park
17,1,0,omnia_park
17,1,0,omnia_park
17,1,0,omnia_park
17,1,0,omnia_park
17,1,0,omnia_park
17,1,0,omnia_park
17,1,0,omnia_park
17,1,0,omnia_park
17,1,0,omnia_park
17,1,0,omnia_park
17,1,0,omnia_park
17,1,0,omnia_park
17,1,0,omnia_park
17,1,0,omnia_park
17,1,0,omnia_park
17,1,0,omnia_park
17,1,0,omnia_park
17,1,0,omnia_park
17,1,0,omnia_park
17,1,0,omnia_park
17,1,0,omnia_park
17,1,0,omnia_park
17,1,1,omnia_park
17,1,1,omnia_park
17,1,1,omnia_park
17,1,1,omnia_park
17,1,1,omnia_park
17,1,1,omnia_park
17,1,1,omnia_park
17,1,1,omnia_park
17,1,1,omnia_park
17,1,1,omnia_park
17,1,1,omnia_park
17,1,1,omnia_park
17,1,1,omnia_park
17,1,1,omnia_park
17,1,1,omnia_park
17,1,1,omnia_park
17,1,1,omnia_park
17,1,1,omnia_park
17,1,1,omnia_park
17,1,1,omnia_park
17,1,1,omnia_park
17,1,1,omnia_park
17,1,1,omnia_park
17,1,1,omnia_park
17,1,1,omnia_park
17,1,1,omnia_park
17,1,1,omnia_park
17,1,1,omnia_park
17,1,1,omnia_park
17,1,1,omnia_park
17,1,1,omnia_park
17,1,1,omnia_park
17,1,1,omnia_park
17,1,1,omnia_park
17,1,1,omnia_park
17,1,1,omnia_park
17,1,1,omnia_park
17,1,1,omnia_park
17,1,1,omnia_park
17,1,1,omnia_park
17,1,1,omnia_park
17,1,1,omnia_park
17,1,1,omnia_park
17,1,1,omnia_park
17,1,1,omnia_park
17,1,1,omnia_park
17,1,1,omnia_park
17,1,1,omnia_park
17,1,1,omnia_park
17,1,1,omnia_park
17,1,1,omnia_park
17,1,1,omnia_park
17,1,1,omnia_park
17,1,1,omnia_park
17,1,1,omnia_park
17,1,1,omnia_park
17,1,1,omnia_park
17,1,1,omnia_park
17,1,1,omnia_park
17,1,1,omnia_park
17,1,1,omnia_park
17,1,1,omnia_park
17,1,1,omnia_park
17,1,1,omnia_park
17,1,1,omnia_park
17,1,1,omnia_park
17,1,1,omnia_park
17,1,1,omnia_park
17,1,1,omnia_park
17,1,1,omnia_park
17,1,2,omnia_park
17,1,2,omnia_park
17,1,2,omnia_park
17,1,2,omnia_park
17,1,2,omnia_park
17,1,2,omnia_park
17,1,2,omnia_park
17,1,2,omnia_park
17,1,2,omnia_park
17,1,2,omnia_park
17,1,2,omnia_park
17,1,2,omnia_park
17,1,2,omnia_park
17,1,2,omnia_park
17,1,2,omnia_park
17,1,2,omnia_park
17,1,2,omnia_park
17,1,2,omnia_park
17,1,2,omnia_park
17,1,2,omnia_park
17,1,2,omnia_park
17,1,2,omnia_park
17,1,2,omnia_park
17,1,2,omnia_park
17,1,2,omnia_park
17,1,2,omnia_park
17,1,2,omnia_park
17,1,2,omnia_park
17,1,2,omnia_park
17,1,2,omnia_park
17,1,2,omnia_park
17,1,2,omnia_park
17,1,2,omnia_park
17,1,2,omnia_park
17,1,2,omnia_park
17,1,2,omnia_park
17,1,2,omnia_park
17,1,2,omnia_park
17,1,2,omnia_park
17,1,2,omnia_park
17,1,2,omnia_park
17,1,2,omnia_park
17,1,2,omnia_park
17,1,2,omnia_park
17,1,2,omnia_park
17,1,2,omnia_park
17,1,2,omnia_park
17,1,2,omnia_park
17,1,2,omnia_park
17,1,2,omnia_park
17,1,2,omnia_park
17,1,2,omnia_park
17,1,2,omnia_park
17,1,2,omnia_park
17,1,2,omnia_park
17,1,2,omnia_park
17,1,2,omnia_park
17,1,2,omnia_park
17,1,2,omnia_park
17,1,2,omnia_park
17,1,2,omnia_park
17,1,2,omnia_park
17,1,2,omnia_park
17,1,2,omnia_park
17,1,2,omnia_park
17,1,2,omnia_park
17,1,2,omnia_park
17,1,2,omnia_park
17,1,2,omnia_park
17,1,2,omnia_park
17,1,2,omnia_park
17,1,2,omnia_park
17,1,2,omnia_park
17,1,2,omnia_park
17,1,2,omnia_park
17,1,2,omnia_park
17,1,2,omnia_park
17,1,2,omnia_park
17,1,2,omnia_park
17,1,2,omnia_park
17,1,2,omnia_park
17,1,2,omnia_park
17,1,2,omnia_park
17,1,2,omnia_park
17,1,2,omnia_park
17,1,2,omnia_park
17,1,2,omnia_park
17,1,2,omnia_park
17,1,2,omnia_park
17,1,2,omnia_park
17,1,2,omnia_park
17,1,2,omnia_park
17,1,2,omnia_park
17,1,2,omnia_park
17,1,2,omnia_park
17,1,2,omnia_park
17,1,2,omnia_park
17,1,2,omnia_park
17,1,2,omnia_park
17,1,2,omnia_park
17,1,2,omnia_park
17,1,2,omnia_park
17,1,2,omnia_park
17,1,2,omnia_park
17,1,2,omnia_park
17,1,2,omnia_park
17,1,2,omnia_park
17,1,2,omnia_park
17,1,2,omnia_park
17,1,2,omnia_park
17,1,2,omnia_park
17,1,2,omnia_park
17,1,2,omnia_park
17,1,2,omnia_park
17,1,2,omnia_park
17,1,2,omnia_park
17,1,2,omnia_park
17,1,2,omnia_park
17,1,2,omnia_park
17,1,2,omnia_park
17,1,2,omnia_park
17,1,2,omnia_park
17,1,2,omnia_park
17,1,2,omnia_park
17,1,2,omnia_park
17,1,2,omnia_park
17,1,2,omnia_park
17,1,2,omnia_park
17,1,2,omnia_park
17,1,2,omnia_park
17,1,2,omnia_park
17,1,2,omnia_park
17,1,2,omnia_park
17,1,2,omnia_park
17,1,2,omnia_park
18,1,0,omnia_park
18,1,0,omnia_park
18,1,0,omnia_park
18,1,0,omnia_park
18,1,0,omnia_park
18,1,0,omnia_park
18,1,0,omnia_park
18,1,0,omnia_park
18,1,0,omnia_park
18,1,0,omnia_park
18,1,0,omnia_park
18,1,0,omnia_park
18,1,0,omnia_park
18,1,0,omnia_park
18,1,0,omnia_park
18,1,0,omnia_park
18,1,0,omnia_park
18,1,0,omnia_park
18,1,0,omnia_park
18,1,0,omnia_park
18,1,0,omnia_park
18,1,0,omnia_park
18,1,0,omnia_park
18,1,0,omnia_park
18,1,0,omnia_park
18,1,0,omnia_park
18,1,0,omnia_park
18,1,0,omnia_park
18,1,0,omnia_park
18,1,0,omnia_park
18,1,0,omnia_park
18,1,0,omnia_park
18,1,0,omnia_park
18,1,0,omnia_park
18,1,0,omnia_park
18,1,0,omnia_park
18,1,0,omnia_park
18,1,0,omnia_park
18,1,0,omnia_park
18,1,0,omnia_park
18,1,0,omnia_park
18,1,0,omnia_park
18,1,0,omnia_park
18,1,0,omnia_park
18,1,0,omnia_park
18,1,0,omnia_park
18,1,0,omnia_park
18,1,0,omnia_park
18,1,0,omnia_park
18,1,0,omnia_park
18,1,0,omnia_park
18,1,0,omnia_park
18,1,0,omnia_park
18,1,0,omnia_park
18,1,0,omnia_park
18,1,0,omnia_park
18,1,0,omnia_park
18,1,0,omnia_park
18,1,0,omnia_park
18,1,0,omnia_park
18,1,0,omnia_park
18,1,0,omnia_park
18,1,0,omnia_park
18,1,0,omnia_park
18,1,0,omnia_park
18,1,0,omnia_park
18,1,0,omnia_park
18,1,0,omnia_park
18,1,0,omnia_park
18,1,0,omnia_park
18,1,0,omnia_park
18,1,0,omnia_park
18,1,0,omnia_park
18,1,0,omnia_park
18,1,0,omnia_park
18,1,0,omnia_park
18,1,1,omnia_park
18,1,1,omnia_park
18,1,1,omnia_park
18,1,1,omnia_park
18,1,1,omnia_park
18,1,1,omnia_park
18,1,1,omnia_park
18,1,1,omnia_park
18,1,1,omnia_park
18,1,1,omnia_park
18,1,1,omnia_park
18,1,1,omnia_park
18,1,1,omnia_park
18,1,1,omnia_park
18,1,1,omnia_park
18,1,1,omnia_park
18,1,1,omnia_park
18,1,1,omnia_park
18,1,1,omnia_park
18,1,1,omnia_park
18,1,1,omnia_park
18,1,1,omnia_park
18,1,1,omnia_park
18,1,1,omnia_park
18,1,1,omnia_park
18,1,1,omnia_park
18,1,1,omnia_park
18,1,1,omnia_park
18,1,1,omnia_park
18,1,1,omnia_park
18,1,1,omnia_park
18,1,1,omnia_park
18,1,1,omnia_park
18,1,1,omnia_park
18,1,1,omnia_park
18,1,1,omnia_park
18,1,1,omnia_park
18,1,1,omnia_park
18,1,1,omnia_park
18,1,1,omnia_park
18,1,1,omnia_park
18,1,1,omnia_park
18,1,1,omnia_park
18,1,1,omnia_park
18,1,1,omnia_park
18,1,1,omnia_park
18,1,1,omnia_park
18,1,1,omnia_park
18,1,1,omnia_park
18,1,1,omnia_park
18,1,1,omnia_park
18,1,2,fog_star
18,1,2,fog_star
18,1,2,fog_star
18,1,2,fog_star
18,1,2,fog_star
18,1,2,fog_star
18,1,2,fog_star
18,1,2,fog_star
18,1,2,fog_star
18,1,2,fog_star
18,1,2,fog_star
18,1,2,fog_star
18,1,2,fog_star
18,1,2,fog_star
18,1,2,fog_star
18,1,2,fog_star
18,1,2,fog_star
18,1,2,fog_star
18,1,2,fog_star
18,1,2,fog_star
18,1,2,fog_star
18,1,2,fog_star
18,1,2,fog_star
18,1,2,fog_star
18,1,2,fog_star
18,1,2,fog_star
18,1,2,fog_star
18,1,2,fog_star
18,1,2,fog_star
18,1,2,fog_star
18,1,2,fog_star
18,1,2,fog_star
18,1,2,fog_star
18,1,2,fog_star
18,1,2,fog_star
18,1,2,fog_star
18,1,2,fog_star
18,1,2,fog_star
18,1,2,fog_star
18,1,2,fog_star
18,1,2,fog_star
18,1,2,fog_star
18,1,2,fog_star
18,1,2,fog_star
18,1,2,fog_star
18,1,2,fog_star
18,1,2,fog_star
18,1,2,fog_star
18,1,2,fog_star
18,1,2,fog_star
18,1,2,fog_star
18,1,2,fog_star
18,1,2,fog_star
18,1,2,fog_star
18,1,2,fog_star
18,1,2,fog_star
18,1,2,fog_star
18,1,2,fog_star
18,1,2,fog_star
18,1,2,fog_star
18,1,2,fog_star
18,1,2,fog_star
18,1,2,fog_star
18,1,2,fog_star
18,1,2,fog_star
18,1,2,fog_star
18,1,2,fog_star
18,1,2,fog_star
18,1,2,fog_star
18,1,2,fog_star
18,1,2,fog_star
18,1,2,fog_star
18,1,2,fog_star
18,1,2,fog_star
18,1,2,fog_star
18,1,2,fog_star
18,1,2,fog_star
18,1,2,fog_star
18,1,2,fog_star
18,1,2,fog_star
18,1,2,fog_star
18,1,2,fog_star
18,1,2,fog_star
18,1,2,fog_star
18,1,2,fog_star
18,1,2,fog_star
18,1,2,fog_star
18,1,2,fog_star
18,1,2,fog_star
18,1,2,fog_star
18,1,2,fog_star
18,1,2,fog_star
18,1,2,fog_star
18,1,2,fog_star
18,1,2,fog_star
18,1,2,fog_star
18,1,2,fog_star
18,1,2,fog_star
18,1,2,fog_star
18,1,2,fog_star
18,1,2,fog_star
18,1,2,fog_star
18,1,2,fog_star
18,1,2,fog_star
18,1,2,fog_star
18,1,2,fog_star
18,1,2,fog_star
18,1,2,fog_star
18,1,2,fog_star
18,1,2,fog_star
18,1,2,fog_star
18,1,2,fog_star
18,1,2,fog_star
18,1,2,fog_star
18,1,2,fog_star
18,1,2,fog_star
18,1,2,fog_star
18,1,2,fog_star
18,1,2,fog_star
18,1,2,fog_star
18,1,2,fog_star
18,1,2,fog_star
18,1,2,fog_star
18,1,2,fog_star
18,1,2,fog_star
18,1,2,fog_star
18,1,2,fog_star
18,1,2,fog_star
18,1,2,fog_star
18,1,2,fog_star
18,1,2,fog_star
18,1,2,fog_star
18,1,2,fog_star
18,1,2,fog_star
18,1,2,fog_star
18,1,2,fog_star
18,1,2,fog_star
18,1,2,fog_star
18,1,2,fog_star
18,1,2,fog_star
18,1,2,fog_star
18,1,2,fog_star
18,1,2,fog_star
18,1,2,fog_star
18,1,2,fog_star
18,1,2,fog_star
18,1,2,fog_star
18,1,2,fog_star
18,1,2,fog_star
18,1,2,fog_star
18,1,2,fog_star
18,1,2,fog_star
18,1,2,fog_star
18,1,2,fog_star
18,1,2,fog_star
18,1,2,fog_star
18,1,2,fog_star
18,1,2,fog_star
19,1,0,pd_phone
19,1,0,pd_phone
19,1,0,pd_phone
19,1,0,pd_phone
19,1,0,pd_phone
19,1,0,pd_phone
19,1,0,pd_phone
19,1,0,pd_phone
19,1,0,pd_phone
19,1,0,pd_phone
19,1,0,pd_phone
19,1,0,pd_phone
19,1,0,pd_phone
19,1,0,pd_phone
19,1,0,pd_phone
19,1,0,pd_phone
19,1,0,pd_phone
19,1,0,pd_phone
19,1,0,pd_phone
19,1,2,fog_star
19,1,2,fog_star
19,1,2,fog_star
19,1,2,fog_star
19,1,2,fog_star
19,1,2,fog_star
19,1,2,fog_star
19,1,2,fog_star
19,1,2,fog_star
19,1,2,fog_star
19,1,2,fog_star
19,1,2,fog_star
19,1,2,fog_star
19,1,2,fog_star
19,1,2,fog_star
19,1,2,fog_star
19,1,2,fog_star
19,1,2,fog_star
19,1,2,fog_star
19,1,2,fog_star
19,1,2,fog_star
19,1,2,fog_star
19,1,2,fog_star
19,1,2,fog_star
19,1,2,fog_star
19,1,2,fog_star
19,1,2,fog_star
19,1,2,fog_star
19,1,2,fog_star
19,1,2,fog_star
19,1,2,fog_star
19,1,2,fog_star
19,1,2,fog_star
20,1,0,omnia_park
20,1,0,omnia_park
20,1,0,omnia_park
20,1,0,omnia_park
20,1,0,omnia_park
20,1,0,omnia_park
20,1,0,omnia_park
20,1,0,omnia_park
20,1,0,omnia_park
20,1,0,omnia_park
20,1,0,omnia_park
20,1,0,omnia_park
20,1,0,omnia_park
20,1,0,omnia_park
20,1,0,omnia_park
20,1,0,omnia_park
20,1,0,omnia_park
20,1,0,omnia_park
20,1,0,omnia_park
20,1,0,omnia_park
20,1,0,omnia_park
20,1,0,omnia_park
20,1,0,omnia_park
20,1,0,omnia_park
20,1,0,omnia_park
20,1,0,omnia_park
20,1,0,omnia_park
20,1,0,omnia_park
20,1,0,omnia_park
20,1,0,omnia_park
20,1,0,omnia_park
20,1,0,omnia_park
20,1,0,omnia_park
20,1,0,omnia_park
20,1,0,omnia_park
20,1,0,omnia_park
20,1,0,omnia_park
20,1,0,omnia_park
20,1,0,omnia_park
20,1,0,omnia_park
20,1,0,omnia_park
20,1,0,omnia_park
20,1,0,omnia_park
20,1,0,omnia_park
20,1,0,omnia_park
20,1,0,omnia_park
20,1,0,omnia_park
20,1,0,omnia_park
20,1,0,omnia_park
20,1,0,omnia_park
20,1,0,omnia_park
20,1,0,omnia_park
20,1,0,omnia_park
20,1,0,omnia_park
20,1,0,omnia_park
20,1,0,omnia_park
20,1,0,omnia_park
20,1,0,omnia_park
20,1,0,omnia_park
20,1,0,omnia_park
20,1,0,omnia_park
20,1,0,omnia_park
20,1,0,omnia_park
20,1,0,omnia_park
20,1,0,omnia_park
20,1,0,omnia_park
20,1,0,omnia_park
20,1,0,omnia_park
20,1,0,omnia_park
20,1,0,omnia_park
20,1,0,omnia_park
20,1,0,omnia_park
20,1,0,omnia_park
20,1,0,omnia_park
20,1,0,omnia_park
20,1,0,omnia_park
20,1,0,omnia_park
20,1,0,omnia_park
20,1,0,omnia_park
20,1,0,omnia_park
20,1,0,omnia_park
20,1,0,omnia_park
20,1,1,omnia_park
20,1,1,omnia_park
20,1,1,omnia_park
20,1,1,omnia_park
20,1,1,omnia_park
20,1,1,omnia_park
20,1,1,omnia_park
20,1,1,omnia_park
20,1,1,omnia_park
20,1,1,omnia_park
20,1,1,omnia_park
20,1,1,omnia_park
20,1,1,omnia_park
20,1,1,omnia_park
20,1,1,omnia_park
20,1,1,omnia_park
20,1,1,omnia_park
20,1,1,omnia_park
20,1,1,omnia_park
20,1,1,omnia_park
20,1,1,omnia_park
20,1,1,omnia_park
20,1,1,omnia_park
20,1,1,omnia_park
20,1,1,omnia_park
20,1,1,omnia_park
20,1,1,omnia_park
20,1,1,omnia_park
20,1,1,omnia_park
20,1,1,omnia_park
20,1,1,omnia_park
20,1,1,omnia_park
20,1,1,omnia_park
20,1,1,omnia_park
20,1,1,omnia_park
20,1,1,omnia_park
20,1,1,omnia_park
20,1,1,omnia_park
20,1,1,omnia_park
20,1,1,omnia_park
20,1,1,omnia_park
20,1,1,omnia_park
20,1,1,omnia_park
20,1,1,omnia_park
20,1,1,omnia_park
20,1,1,omnia_park
20,1,1,omnia_park
20,1,1,omnia_park
20,1,1,omnia_park
20,1,1,omnia_park
20,1,1,omnia_park
20,1,1,omnia_park
20,1,1,omnia_park
20,1,1,omnia_park
20,1,1,omnia_park
20,1,2,fog_star
20,1,2,fog_star
20,1,2,fog_star
20,1,2,fog_star
20,1,2,fog_star
20,1,2,fog_star
20,1,2,fog_star
20,1,2,fog_star
20,1,2,fog_star
20,1,2,fog_star
20,1,2,fog_star
20,1,2,fog_star
20,1,2,fog_star
20,1,2,fog_star
20,1,2,fog_star
20,1,2,fog_star
20,1,2,fog_star
20,1,2,fog_star
20,1,2,fog_star
20,1,2,fog_star
20,1,2,fog_star
20,1,2,fog_star
20,1,2,fog_star
20,1,2,fog_star
20,1,2,fog_star
20,1,2,fog_star
20,1,2,fog_star
20,1,2,fog_star
20,1,2,fog_star
20,1,2,fog_star
20,1,2,fog_star
20,1,2,fog_star
20,1,2,fog_star
20,1,2,fog_star
20,1,2,fog_star
20,1,2,fog_star
20,1,2,fog_star
20,1,2,fog_star
20,1,2,fog_star
20,1,2,fog_star
20,1,2,fog_star
20,1,2,fog_star
20,1,2,fog_star
20,1,2,fog_star
20,1,2,fog_star
20,1,2,fog_star
20,1,2,fog_star
20,1,2,fog_star
20,1,2,fog_star
20,1,2,fog_star
20,1,2,fog_star
20,1,2,fog_star
20,1,2,fog_star
20,1,2,fog_star
20,1,2,fog_star
20,1,2,fog_star
20,1,2,fog_star
20,1,2,fog_star
20,1,2,fog_star
20,1,2,fog_star
20,1,2,fog_star
20,1,2,fog_star
20,1,2,fog_star
20,1,2,fog_star
20,1,2,fog_star
20,1,2,fog_star
20,1,2,fog_star
20,1,2,fog_star
20,1,2,fog_star
20,1,2,fog_star
20,1,2,fog_star
20,1,2,fog_star
20,1,2,fog_star
20,1,2,fog_star
20,1,2,fog_star
20,1,2,fog_star
20,1,2,fog_star
20,1,2,fog_star
20,1,2,fog_star
20,1,2,fog_star
20,1,2,fog_star
20,1,2,fog_star
20,1,2,fog_star
20,1,2,fog_star
20,1,2,fog_star
20,1,2,fog_star
20,1,2,fog_star
20,1,2,fog_star
20,1,2,fog_star
20,1,2,fog_star
20,1,2,fog_star
20,1,2,fog_star
20,1,2,fog_star
20,1,2,fog_star
20,1,2,fog_star
20,1,2,fog_star
20,1,2,fog_star
20,1,2,fog_star
20,1,2,fog_star
20,1,2,fog_star
20,1,2,fog_star
20,1,2,fog_star
20,1,2,fog_star
20,1,2,fog_star
20,1,2,fog_star
20,1,2,fog_star
20,1,2,fog_star
20,1,2,fog_star
20,1,2,fog_star
20,1,2,fog_star
20,1,2,fog_star
20,1,2,fog_star
20,1,2,fog_star
20,1,2,fog_star
20,1,2,fog_star
20,1,2,fog_star
20,1,2,fog_star
20,1,2,fog_star
20,1,2,fog_star
20,1,2,fog_star
20,1,2,fog_star
20,1,2,fog_star
20,1,2,fog_star
20,1,2,fog_star
20,1,2,fog_star
20,1,2,fog_star
20,1,2,fog_star
20,1,2,fog_star
20,1,2,fog_star
20,1,2,fog_star
20,1,2,fog_star
20,1,2,fog_star
20,1,2,fog_star
20,1,2,fog_star
20,1,2,fog_star
20,1,2,fog_star
20,1,2,fog_star
20,1,2,fog_star
20,1,2,fog_star
20,1,2,fog_star
20,1,2,fog_star
20,1,2,fog_star
20,1,2,fog_star
20,1,2,fog_star
20,1,2,fog_star
20,1,2,fog_star
20,1,2,fog_star
20,1,2,fog_star
20,1,2,fog_star
20,1,2,fog_star
20,1,2,fog_star
20,1,2,fog_star
20,1,2,fog_star
20,1,2,fog_star
20,1,2,fog_star
20,1,2,fog_star
20,1,2,fog_star
20,1,2,fog_star
20,1,2,fog_star
20,1,2,fog_star
20,1,2,fog_star
20,1,2,fog_star
20,1,2,fog_star
20,1,2,fog_star
20,1,2,fog_star
20,1,2,fog_star
20,1,2,fog_star
20,1,2,fog_star
20,1,2,fog_star
20,1,2,fog_star
20,1,2,fog_star
20,1,2,fog_star
20,1,2,fog_star
20,1,2,fog_star
20,1,2,fog_star
20,1,2,fog_star
20,1,2,fog_star
20,1,2,fog_star
20,1,2,fog_star
20,1,2,fog_star
20,1,2,fog_star
21,1,0,omnia_park
21,1,0,omnia_park
21,1,0,omnia_park
21,1,0,omnia_park
21,1,0,omnia_park
21,1,0,omnia_park
21,1,0,omnia_park
21,1,0,omnia_park
21,1,0,omnia_park
21,1,0,omnia_park
21,1,0,omnia_park
21,1,0,omnia_park
21,1,0,omnia_park
21,1,0,omnia_park
21,1,0,omnia_park
21,1,0,omnia_park
21,1,0,omnia_park
21,1,0,omnia_park
21,1,0,omnia_park
21,1,0,omnia_park
21,1,0,omnia_park
21,1,0,omnia_park
21,1,0,omnia_park
21,1,0,omnia_park
21,1,0,omnia_park
21,1,0,omnia_park
21,1,0,omnia_park
21,1,0,omnia_park
21,1,0,omnia_park
21,1,0,omnia_park
21,1,0,omnia_park
21,1,0,omnia_park
21,1,0,omnia_park
21,1,0,omnia_park
21,1,0,omnia_park
21,1,0,omnia_park
21,1,0,omnia_park
21,1,0,omnia_park
21,1,0,omnia_park
21,1,0,omnia_park
21,1,0,omnia_park
21,1,0,omnia_park
21,1,0,omnia_park
21,1,0,omnia_park
21,1,0,omnia_park
21,1,0,omnia_park
21,1,0,omnia_park
21,1,0,omnia_park
21,1,0,omnia_park
21,1,0,omnia_park
21,1,0,omnia_park
21,1,0,omnia_park
21,1,0,omnia_park
21,1,0,omnia_park
21,1,0,omnia_park
21,1,0,omnia_park
21,1,0,omnia_park
21,1,0,omnia_park
21,1,0,omnia_park
21,1,0,omnia_park
21,1,0,omnia_park
21,1,0,omnia_park
21,1,0,omnia_park
21,1,0,omnia_park
21,1,0,omnia_park
21,1,0,omnia_park
21,1,0,omnia_park
21,1,0,omnia_park
21,1,0,omnia_park
21,1,0,omnia_park
21,1,0,omnia_park
21,1,0,omnia_park
21,1,0,omnia_park
21,1,0,omnia_park
21,1,0,omnia_park
21,1,0,omnia_park
21,1,0,omnia_park
21,1,0,omnia_park
21,1,0,omnia_park
21,1,1,omnia_park
21,1,1,omnia_park
21,1,1,omnia_park
21,1,1,omnia_park
21,1,1,omnia_park
21,1,1,omnia_park
21,1,1,omnia_park
21,1,1,omnia_park
21,1,1,omnia_park
21,1,1,omnia_park
21,1,1,omnia_park
21,1,1,omnia_park
21,1,1,omnia_park
21,1,1,omnia_park
21,1,1,omnia_park
21,1,1,omnia_park
21,1,1,omnia_park
21,1,1,omnia_park
21,1,1,omnia_park
21,1,1,omnia_park
21,1,1,omnia_park
21,1,1,omnia_park
21,1,1,omnia_park
21,1,1,omnia_park
21,1,1,omnia_park
21,1,1,omnia_park
21,1,1,omnia_park
21,1,1,omnia_park
21,1,1,omnia_park
21,1,1,omnia_park
21,1,1,omnia_park
21,1,1,omnia_park
21,1,1,omnia_park
21,1,1,omnia_park
21,1,1,omnia_park
21,1,1,omnia_park
21,1,1,omnia_park
21,1,1,omnia_park
21,1,1,omnia_park
21,1,1,omnia_park
21,1,1,omnia_park
21,1,1,omnia_park
21,1,1,omnia_park
21,1,1,omnia_park
21,1,1,omnia_park
21,1,1,omnia_park
21,1,1,omnia_park
21,1,1,omnia_park
21,1,1,omnia_park
21,1,1,omnia_park
21,1,1,omnia_park
21,1,1,omnia_park
21,1,1,omnia_park
21,1,1,omnia_park
21,1,2,omnia_park
21,1,2,omnia_park
21,1,2,omnia_park
21,1,2,omnia_park
21,1,2,omnia_park
21,1,2,omnia_park
21,1,2,omnia_park
21,1,2,omnia_park
21,1,2,omnia_park
21,1,2,omnia_park
21,1,2,omnia_park
21,1,2,omnia_park
21,1,2,omnia_park
21,1,2,omnia_park
21,1,2,omnia_park
21,1,2,omnia_park
21,1,2,omnia_park
21,1,2,omnia_park
21,1,2,omnia_park
21,1,2,omnia_park
21,1,2,omnia_park
21,1,2,omnia_park
21,1,2,omnia_park
21,1,2,omnia_park
21,1,2,omnia_park
21,1,2,omnia_park
21,1,2,omnia_park
21,1,2,omnia_park
21,1,2,omnia_park
21,1,2,omnia_park
21,1,2,omnia_park
21,1,2,omnia_park
21,1,2,omnia_park
21,1,2,omnia_park
21,1,2,omnia_park
21,1,2,omnia_park
21,1,2,omnia_park
21,1,2,omnia_park
21,1,2,omnia_park
21,1,2,omnia_park
21,1,2,omnia_park
21,1,2,omnia_park
21,1,2,omnia_park
21,1,2,omnia_park
21,1,2,omnia_park
21,1,2,omnia_park
21,1,2,omnia_park
21,1,2,omnia_park
21,1,2,omnia_park
21,1,2,omnia_park
21,1,2,omnia_park
21,1,2,omnia_park
21,1,2,omnia_park
21,1,2,omnia_park
21,1,2,omnia_park
21,1,2,omnia_park
21,1,2,omnia_park
21,1,2,omnia_park
21,1,2,omnia_park
21,1,2,omnia_park
21,1,2,omnia_park
21,1,2,omnia_park
21,1,2,omnia_park
21,1,2,omnia_park
21,1,2,omnia_park
21,1,2,omnia_park
21,1,2,omnia_park
21,1,2,omnia_park
21,1,2,omnia_park
21,1,2,omnia_park
21,1,2,omnia_park
21,1,2,omnia_park
21,1,2,omnia_park
21,1,2,omnia_park
21,1,2,omnia_park
21,1,2,omnia_park
21,1,2,omnia_park
21,1,2,omnia_park
21,1,2,omnia_park
21,1,2,omnia_park
21,1,2,omnia_park
21,1,2,omnia_park
21,1,2,omnia_park
21,1,2,omnia_park
21,1,2,omnia_park
21,1,2,omnia_park
21,1,2,omnia_park
21,1,2,omnia_park
21,1,2,omnia_park
21,1,2,omnia_park
21,1,2,omnia_park
21,1,2,omnia_park
21,1,2,omnia_park
21,1,2,omnia_park
21,1,2,omnia_park
21,1,2,omnia_park
21,1,2,omnia_park
21,1,2,omnia_park
21,1,2,omnia_park
21,1,2,omnia_park
21,1,2,omnia_park
21,1,2,omnia_park
21,1,2,omnia_park
21,1,2,omnia_park
21,1,2,omnia_park
21,1,2,omnia_park
21,1,2,omnia_park
21,1,2,omnia_park
21,1,2,omnia_park
21,1,2,omnia_park
21,1,2,omnia_park
21,1,2,omnia_park
21,1,2,omnia_park
21,1,2,omnia_park
21,1,2,omnia_park
21,1,2,omnia_park
21,1,2,omnia_park
21,1,2,omnia_park
21,1,2,omnia_park
21,1,2,omnia_park
21,1,2,omnia_park
21,1,2,omnia_park
21,1,2,omnia_park
21,1,2,omnia_park
21,1,2,omnia_park
21,1,2,omnia_park
21,1,2,omnia_park
21,1,2,omnia_park
21,1,2,omnia_park
21,1,2,omnia_park
21,1,2,omnia_park
21,1,2,omnia_park
21,1,2,omnia_park
21,1,2,omnia_park
21,1,2,omnia_park
21,1,2,omnia_park
21,1,2,omnia_park
21,1,2,omnia_park
21,1,2,omnia_park
21,1,2,omnia_park
21,1,2,omnia_park
21,1,2,omnia_park
21,1,2,omnia_park
21,1,2,omnia_park
21,1,2,omnia_park
21,1,2,omnia_park
22,1,0,omnia_park
22,1,0,omnia_park
22,1,0,omnia_park
22,1,0,omnia_park
22,1,0,omnia_park
22,1,0,omnia_park
22,1,0,omnia_park
22,1,0,omnia_park
22,1,0,omnia_park
22,1,0,omnia_park
22,1,0,omnia_park
22,1,0,omnia_park
22,1,0,omnia_park
22,1,0,omnia_park
22,1,0,omnia_park
22,1,0,omnia_park
22,1,0,omnia_park
22,1,0,omnia_park
22,1,0,omnia_park
22,1,0,omnia_park
22,1,0,omnia_park
22,1,0,omnia_park
22,1,0,omnia_park
22,1,0,omnia_park
22,1,0,omnia_park
22,1,0,omnia_park
22,1,0,omnia_park
22,1,0,omnia_park
22,1,0,omnia_park
22,1,0,omnia_park
22,1,0,omnia_park
22,1,0,omnia_park
22,1,0,omnia_park
22,1,0,omnia_park
22,1,0,omnia_park
22,1,0,omnia_park
22,1,0,omnia_park
22,1,0,omnia_park
22,1,0,omnia_park
22,1,0,omnia_park
22,1,0,omnia_park
22,1,0,omnia_park
22,1,0,omnia_park
22,1,0,omnia_park
22,1,0,omnia_park
22,1,0,omnia_park
22,1,0,omnia_park
22,1,0,omnia_park
22,1,0,omnia_park
22,1,0,omnia_park
22,1,0,omnia_park
22,1,0,omnia_park
22,1,0,omnia_park
22,1,0,omnia_park
22,1,0,omnia_park
22,1,0,omnia_park
22,1,0,omnia_park
22,1,0,omnia_park
22,1,0,omnia_park
22,1,0,omnia_park
22,1,0,omnia_park
22,1,0,omnia_park
22,1,0,omnia_park
22,1,0,omnia_park
22,1,0,omnia_park
22,1,0,omnia_park
22,1,0,omnia_park
22,1,0,omnia_park
22,1,0,omnia_park
22,1,0,omnia_park
22,1,0,omnia_park
22,1,0,omnia_park
22,1,0,omnia_park
22,1,0,omnia_park
22,1,1,omnia_park
22,1,1,omnia_park
22,1,1,omnia_park
22,1,1,omnia_park
22,1,1,omnia_park
22,1,1,omnia_park
22,1,1,omnia_park
22,1,1,omnia_park
22,1,1,omnia_park
22,1,1,omnia_park
22,1,1,omnia_park
22,1,1,omnia_park
22,1,1,omnia_park
22,1,1,omnia_park
22,1,1,omnia_park
22,1,1,omnia_park
22,1,1,omnia_park
22,1,1,omnia_park
22,1,1,omnia_park
22,1,1,omnia_park
22,1,1,omnia_park
22,1,1,omnia_park
22,1,1,omnia_park
22,1,1,omnia_park
22,1,1,omnia_park
22,1,1,omnia_park
22,1,1,omnia_park
22,1,1,omnia_park
22,1,1,omnia_park
22,1,1,omnia_park
22,1,1,omnia_park
22,1,1,omnia_park
22,1,1,omnia_park
22,1,1,omnia_park
22,1,1,omnia_park
22,1,1,omnia_park
22,1,1,omnia_park
22,1,1,omnia_park
22,1,1,omnia_park
22,1,1,omnia_park
22,1,1,omnia_park
22,1,1,omnia_park
22,1,1,omnia_park
22,1,1,omnia_park
22,1,1,omnia_park
22,1,1,omnia_park
22,1,1,omnia_park
22,1,1,omnia_park
22,1,1,omnia_park
22,1,1,omnia_park
22,1,1,omnia_park
22,1,1,omnia_park
22,1,1,omnia_park
22,1,1,omnia_park
22,1,2,fog_star
22,1,2,fog_star
22,1,2,fog_star
22,1,2,fog_star
22,1,2,fog_star
22,1,2,fog_star
22,1,2,fog_star
22,1,2,fog_star
22,1,2,fog_star
22,1,2,fog_star
22,1,2,fog_star
22,1,2,fog_star
22,1,2,fog_star
22,1,2,fog_star
22,1,2,fog_star
22,1,2,fog_star
22,1,2,fog_star
22,1,2,fog_star
22,1,2,fog_star
22,1,2,fog_star
22,1,2,fog_star
22,1,2,fog_star
22,1,2,fog_star
22,1,2,fog_star
22,1,2,fog_star
22,1,2,fog_star
22,1,2,fog_star
22,1,2,fog_star
22,1,2,fog_star
22,1,2,fog_star
22,1,2,fog_star
22,1,2,fog_star
22,1,2,fog_star
22,1,2,fog_star
22,1,2,fog_star
22,1,2,fog_star
22,1,2,fog_star
22,1,2,fog_star
22,1,2,fog_star
22,1,2,fog_star
22,1,2,fog_star
22,1,2,fog_star
22,1,2,fog_star
22,1,2,fog_star
22,1,2,fog_star
22,1,2,fog_star
22,1,2,fog_star
22,1,2,fog_star
22,1,2,fog_star
22,1,2,fog_star
22,1,2,fog_star
22,1,2,fog_star
22,1,2,fog_star
22,1,2,fog_star
22,1,2,fog_star
22,1,2,fog_star
22,1,2,fog_star
22,1,2,fog_star
22,1,2,fog_star
22,1,2,fog_star
22,1,2,fog_star
22,1,2,fog_star
22,1,2,fog_star
22,1,2,fog_star
22,1,2,fog_star
22,1,2,fog_star
22,1,2,fog_star
22,1,2,fog_star
22,1,2,fog_star
22,1,2,fog_star
22,1,2,fog_star
22,1,2,fog_star
22,1,2,fog_star
22,1,2,fog_star
22,1,2,fog_star
22,1,2,fog_star
22,1,2,fog_star
22,1,2,fog_star
22,1,2,fog_star
22,1,2,fog_star
22,1,2,fog_star
22,1,2,fog_star
22,1,2,fog_star
22,1,2,fog_star
22,1,2,fog_star
22,1,2,fog_star
22,1,2,fog_star
22,1,2,fog_star
22,1,2,fog_star
22,1,2,fog_star
22,1,2,fog_star
22,1,2,fog_star
22,1,2,fog_star
22,1,2,fog_star
22,1,2,fog_star
22,1,2,fog_star
22,1,2,fog_star
22,1,2,fog_star
22,1,2,fog_star
22,1,2,fog_star
22,1,2,fog_star
22,1,2,fog_star
22,1,2,fog_star
22,1,2,fog_star
22,1,2,fog_star
22,1,2,fog_star
22,1,2,fog_star
22,1,2,fog_star
22,1,2,fog_star
22,1,2,fog_star
22,1,2,fog_star
22,1,2,fog_star
22,1,2,fog_star
22,1,2,fog_star
22,1,2,fog_star
22,1,2,fog_star
22,1,2,fog_star
22,1,2,fog_star
22,1,2,fog_star
22,1,2,fog_star
22,1,2,fog_star
22,1,2,fog_star
22,1,2,fog_star
22,1,2,fog_star
22,1,2,fog_star
22,1,2,fog_star
22,1,2,fog_star
22,1,2,fog_star
22,1,2,fog_star
22,1,2,fog_star
22,1,2,fog_star
22,1,2,fog_star
22,1,2,fog_star
22,1,2,fog_star
22,1,2,fog_star
22,1,2,fog_star
22,1,2,fog_star
22,1,2,fog_star
22,1,2,fog_star
22,1,2,fog_star
22,1,2,fog_star
22,1,2,fog_star
22,1,2,fog_star
22,1,2,fog_star
22,1,2,fog_star
22,1,2,fog_star
22,1,2,fog_star
22,1,2,fog_star
22,1,2,fog_star
22,1,2,fog_star
22,1,2,fog_star
22,1,2,fog_star
22,1,2,fog_star
22,1,2,fog_star
22,1,2,fog_star
22,1,2,fog_star
22,1,2,fog_star
22,1,2,fog_star
22,1,2,fog_star
22,1,2,fog_star
22,1,2,fog_star
22,1,2,fog_star
22,1,2,fog_star
22,1,2,fog_star
22,1,2,fog_star
22,1,2,fog_star
22,1,2,fog_star
22,1,2,fog_star
22,1,2,fog_star
22,1,2,fog_star
22,1,2,fog_star
22,1,2,fog_star
22,1,2,fog_star
22,1,2,fog_star
22,1,2,fog_star
22,1,2,fog_star
22,1,2,fog_star
22,1,2,fog_star
22,1,2,fog_star
22,1,2,fog_star
22,1,2,fog_star
22,1,2,fog_star
22,1,2,fog_star
22,1,2,fog_star
22,1,2,fog_star
22,1,2,fog_star
23,1,0,omnia_park
23,1,0,omnia_park
23,1,0,omnia_park
23,1,0,omnia_park
23,1,0,omnia_park
23,1,0,omnia_park
23,1,0,omnia_park
23,1,0,omnia_park
23,1,0,omnia_park
23,1,0,omnia_park
23,1,0,omnia_park
23,1,0,omnia_park
23,1,0,omnia_park
23,1,0,omnia_park
23,1,0,omnia_park
23,1,0,omnia_park
23,1,0,omnia_park
23,1,0,omnia_park
23,1,0,omnia_park
23,1,0,omnia_park
23,1,0,omnia_park
23,1,0,omnia_park
23,1,0,omnia_park
23,1,0,omnia_park
23,1,0,omnia_park
23,1,0,omnia_park
23,1,0,omnia_park
23,1,0,omnia_park
23,1,0,omnia_park
23,1,0,omnia_park
23,1,0,omnia_park
23,1,0,omnia_park
23,1,0,omnia_park
23,1,0,omnia_park
23,1,0,omnia_park
23,1,0,omnia_park
23,1,0,omnia_park
23,1,0,omnia_park
23,1,0,omnia_park
23,1,0,omnia_park
23,1,0,omnia_park
23,1,0,omnia_park
23,1,0,omnia_park
23,1,0,omnia_park
23,1,0,omnia_park
23,1,0,omnia_park
23,1,0,omnia_park
23,1,0,omnia_park
23,1,0,omnia_park
23,1,0,omnia_park
23,1,0,omnia_park
23,1,0,omnia_park
23,1,0,omnia_park
23,1,0,omnia_park
23,1,0,omnia_park
23,1,0,omnia_park
23,1,0,omnia_park
23,1,0,omnia_park
23,1,0,omnia_park
23,1,0,omnia_park
23,1,0,omnia_park
23,1,0,omnia_park
23,1,0,omnia_park
23,1,0,omnia_park
23,1,0,omnia_park
23,1,0,omnia_park
23,1,0,omnia_park
23,1,0,omnia_park
23,1,0,omnia_park
23,1,0,omnia_park
23,1,0,omnia_park
23,1,0,omnia_park
23,1,0,omnia_park
23,1,0,omnia_park
23,1,0,omnia_park
23,1,0,omnia_park
23,1,0,omnia_park
23,1,0,omnia_park
23,1,0,omnia_park
23,1,0,omnia_park
23,1,0,omnia_park
23,1,0,omnia_park
23,1,1,omnia_park
23,1,1,omnia_park
23,1,1,omnia_park
23,1,1,omnia_park
23,1,1,omnia_park
23,1,1,omnia_park
23,1,1,omnia_park
23,1,1,omnia_park
23,1,1,omnia_park
23,1,1,omnia_park
23,1,1,omnia_park
23,1,1,omnia_park
23,1,1,omnia_park
23,1,1,omnia_park
23,1,1,omnia_park
23,1,1,omnia_park
23,1,1,omnia_park
23,1,1,omnia_park
23,1,1,omnia_park
23,1,1,omnia_park
23,1,1,omnia_park
23,1,1,omnia_park
23,1,1,omnia_park
23,1,1,omnia_park
23,1,1,omnia_park
23,1,1,omnia_park
23,1,1,omnia_park
23,1,1,omnia_park
23,1,1,omnia_park
23,1,1,omnia_park
23,1,1,omnia_park
23,1,1,omnia_park
23,1,1,omnia_park
23,1,1,omnia_park
23,1,1,omnia_park
23,1,1,omnia_park
23,1,1,omnia_park
23,1,1,omnia_park
23,1,1,omnia_park
23,1,1,omnia_park
23,1,1,omnia_park
23,1,1,omnia_park
23,1,1,omnia_park
23,1,1,omnia_park
23,1,1,omnia_park
23,1,1,omnia_park
23,1,1,omnia_park
23,1,1,omnia_park
23,1,1,omnia_park
23,1,1,omnia_park
23,1,1,omnia_park
23,1,1,omnia_park
23,1,1,omnia_park
23,1,1,omnia_park
23,1,2,omnia_park
23,1,2,omnia_park
23,1,2,omnia_park
23,1,2,omnia_park
23,1,2,omnia_park
23,1,2,omnia_park
23,1,2,omnia_park
23,1,2,omnia_park
23,1,2,omnia_park
23,1,2,omnia_park
23,1,2,omnia_park
23,1,2,omnia_park
23,1,2,omnia_park
23,1,2,omnia_park
23,1,2,omnia_park
23,1,2,omnia_park
23,1,2,omnia_park
23,1,2,omnia_park
23,1,2,omnia_park
23,1,2,omnia_park
23,1,2,omnia_park
23,1,2,omnia_park
23,1,2,omnia_park
23,1,2,omnia_park
23,1,2,omnia_park
23,1,2,omnia_park
23,1,2,omnia_park
23,1,2,omnia_park
23,1,2,omnia_park
23,1,2,omnia_park
23,1,2,omnia_park
23,1,2,omnia_park
23,1,2,omnia_park
23,1,2,omnia_park
23,1,2,omnia_park
23,1,2,omnia_park
23,1,2,omnia_park
23,1,2,omnia_park
23,1,2,omnia_park
23,1,2,omnia_park
23,1,2,omnia_park
23,1,2,omnia_park
23,1,2,omnia_park
23,1,2,omnia_park
23,1,2,omnia_park
23,1,2,omnia_park
23,1,2,omnia_park
23,1,2,omnia_park
23,1,2,omnia_park
23,1,2,omnia_park
23,1,2,omnia_park
23,1,2,omnia_park
23,1,2,omnia_park
23,1,2,omnia_park
23,1,2,omnia_park
23,1,2,omnia_park
23,1,2,omnia_park
23,1,2,omnia_park
23,1,2,omnia_park
23,1,2,omnia_park
23,1,2,omnia_park
23,1,2,omnia_park
23,1,2,omnia_park
23,1,2,omnia_park
23,1,2,omnia_park
23,1,2,omnia_park
23,1,2,omnia_park
23,1,2,omnia_park
23,1,2,omnia_park
23,1,2,omnia_park
23,1,2,omnia_park
23,1,2,omnia_park
23,1,2,omnia_park
23,1,2,omnia_park
23,1,2,omnia_park
23,1,2,omnia_park
23,1,2,omnia_park
23,1,2,omnia_park
23,1,2,omnia_park
23,1,2,omnia_park
23,1,2,omnia_park
23,1,2,omnia_park
23,1,2,omnia_park
23,1,2,omnia_park
23,1,2,omnia_park
23,1,2,omnia_park
23,1,2,omnia_park
23,1,2,omnia_park
23,1,2,omnia_park
23,1,2,omnia_park
23,1,2,omnia_park
23,1,2,omnia_park
23,1,2,omnia_park
23,1,2,omnia_park
23,1,2,omnia_park
23,1,2,omnia_park
23,1,2,omnia_park
23,1,2,omnia_park
23,1,2,omnia_park
23,1,2,omnia_park
23,1,2,omnia_park
23,1,2,omnia_park
23,1,2,omnia_park
23,1,2,omnia_park
23,1,2,omnia_park
23,1,2,omnia_park
23,1,2,omnia_park
23,1,2,omnia_park
23,1,2,omnia_park
23,1,2,omnia_park
23,1,2,omnia_park
23,1,2,omnia_park
23,1,2,omnia_park
23,1,2,omnia_park
23,1,2,omnia_park
23,1,2,omnia_park
23,1,2,omnia_park
23,1,2,omnia_park
23,1,2,omnia_park
23,1,2,omnia_park
23,1,2,omnia_park
23,1,2,omnia_park
23,1,2,omnia_park
23,1,2,omnia_park
23,1,2,omnia_park
23,1,2,omnia_park
23,1,2,omnia_park
23,1,2,omnia_park
23,1,2,omnia_park
23,1,2,omnia_park
23,1,2,omnia_park
23,1,2,omnia_park
23,1,2,omnia_park
24,1,0,omnia_park
24,1,0,omnia_park
24,1,0,omnia_park
24,1,0,omnia_park
24,1,0,omnia_park
24,1,0,omnia_park
24,1,0,omnia_park
24,1,0,omnia_park
24,1,0,omnia_park
24,1,0,omnia_park
24,1,0,omnia_park
24,1,0,omnia_park
24,1,0,omnia_park
24,1,0,omnia_park
24,1,0,omnia_park
24,1,0,omnia_park
24,1,0,omnia_park
24,1,0,omnia_park
24,1,0,omnia_park
24,1,0,omnia_park
24,1,0,omnia_park
24,1,0,omnia_park
24,1,0,omnia_park
24,1,0,omnia_park
24,1,0,omnia_park
24,1,0,omnia_park
24,1,0,omnia_park
24,1,0,omnia_park
24,1,0,omnia_park
24,1,0,omnia_park
24,1,0,omnia_park
24,1,0,omnia_park
24,1,0,omnia_park
24,1,0,omnia_park
24,1,0,omnia_park
24,1,0,omnia_park
24,1,0,omnia_park
24,1,0,omnia_park
24,1,0,omnia_park
24,1,0,omnia_park
24,1,0,omnia_park
24,1,0,omnia_park
24,1,0,omnia_park
24,1,0,omnia_park
24,1,0,omnia_park
24,1,0,omnia_park
24,1,0,omnia_park
24,1,0,omnia_park
24,1,0,omnia_park
24,1,0,omnia_park
24,1,0,omnia_park
24,1,0,omnia_park
24,1,0,omnia_park
24,1,0,omnia_park
24,1,0,omnia_park
24,1,0,omnia_park
24,1,0,omnia_park
24,1,0,omnia_park
24,1,0,omnia_park
24,1,0,omnia_park
24,1,0,omnia_park
24,1,0,omnia_park
24,1,0,omnia_park
24,1,0,omnia_park
24,1,0,omnia_park
24,1,0,omnia_park
24,1,0,omnia_park
24,1,0,omnia_park
24,1,0,omnia_park
24,1,0,omnia_park
24,1,0,omnia_park
24,1,0,omnia_park
24,1,0,omnia_park
24,1,0,omnia_park
24,1,0,omnia_park
24,1,0,omnia_park
24,1,1,omnia_park
24,1,1,omnia_park
24,1,1,omnia_park
24,1,1,omnia_park
24,1,1,omnia_park
24,1,1,omnia_park
24,1,1,omnia_park
24,1,1,omnia_park
24,1,1,omnia_park
24,1,1,omnia_park
24,1,1,omnia_park
24,1,1,omnia_park
24,1,1,omnia_park
24,1,1,omnia_park
24,1,1,omnia_park
24,1,1,omnia_park
24,1,1,omnia_park
24,1,1,omnia_park
24,1,1,omnia_park
24,1,1,omnia_park
24,1,1,omnia_park
24,1,1,omnia_park
24,1,1,omnia_park
24,1,1,omnia_park
24,1,1,omnia_park
24,1,1,omnia_park
24,1,1,omnia_park
24,1,1,omnia_park
24,1,1,omnia_park
24,1,1,omnia_park
24,1,1,omnia_park
24,1,1,omnia_park
24,1,1,omnia_park
24,1,1,omnia_park
24,1,1,omnia_park
24,1,1,omnia_park
24,1,1,omnia_park
24,1,1,omnia_park
24,1,1,omnia_park
24,1,1,omnia_park
24,1,1,omnia_park
24,1,1,omnia_park
24,1,1,omnia_park
24,1,1,omnia_park
24,1,1,omnia_park
24,1,1,omnia_park
24,1,1,omnia_park
24,1,1,omnia_park
24,1,1,omnia_park
24,1,1,omnia_park
24,1,1,omnia_park
24,1,1,omnia_park
24,1,1,omnia_park
24,1,1,omnia_park
24,1,1,omnia_park
24,1,2,omnia_park
24,1,2,omnia_park
24,1,2,omnia_park
24,1,2,omnia_park
24,1,2,omnia_park
24,1,2,omnia_park
24,1,2,omnia_park
24,1,2,omnia_park
24,1,2,omnia_park
24,1,2,omnia_park
24,1,2,omnia_park
24,1,2,omnia_park
24,1,2,omnia_park
24,1,2,omnia_park
24,1,2,omnia_park
24,1,2,omnia_park
24,1,2,omnia_park
24,1,2,omnia_park
24,1,2,omnia_park
24,1,2,omnia_park
24,1,2,omnia_park
24,1,2,omnia_park
24,1,2,omnia_park
24,1,2,omnia_park
24,1,2,omnia_park
24,1,2,omnia_park
24,1,2,omnia_park
24,1,2,omnia_park
24,1,2,omnia_park
24,1,2,omnia_park
24,1,2,omnia_park
24,1,2,omnia_park
24,1,2,omnia_park
24,1,2,omnia_park
24,1,2,omnia_park
24,1,2,omnia_park
24,1,2,omnia_park
24,1,2,omnia_park
24,1,2,omnia_park
24,1,2,omnia_park
24,1,2,omnia_park
24,1,2,omnia_park
24,1,2,omnia_park
24,1,2,omnia_park
24,1,2,omnia_park
24,1,2,omnia_park
24,1,2,omnia_park
24,1,2,omnia_park
24,1,2,omnia_park
24,1,2,omnia_park
24,1,2,omnia_park
24,1,2,omnia_park
24,1,2,omnia_park
24,1,2,omnia_park
24,1,2,omnia_park
24,1,2,omnia_park
24,1,2,omnia_park
24,1,2,omnia_park
24,1,2,omnia_park
24,1,2,omnia_park
24,1,2,omnia_park
24,1,2,omnia_park
24,1,2,omnia_park
24,1,2,omnia_park
24,1,2,omnia_park
24,1,2,omnia_park
24,1,2,omnia_park
24,1,2,omnia_park
24,1,2,omnia_park
24,1,2,omnia_park
24,1,2,omnia_park
24,1,2,omnia_park
24,1,2,omnia_park
24,1,2,omnia_park
24,1,2,omnia_park
24,1,2,omnia_park
24,1,2,omnia_park
24,1,2,omnia_park
24,1,2,omnia_park
24,1,2,omnia_park
24,1,2,omnia_park
24,1,2,omnia_park
24,1,2,omnia_park
24,1,2,omnia_park
24,1,2,omnia_park
24,1,2,omnia_park
24,1,2,omnia_park
24,1,2,omnia_park
24,1,2,omnia_park
24,1,2,omnia_park
24,1,2,omnia_park
24,1,2,omnia_park
24,1,2,omnia_park
24,1,2,omnia_park
24,1,2,omnia_park
24,1,2,omnia_park
24,1,2,omnia_park
24,1,2,omnia_park
24,1,2,omnia_park
24,1,2,omnia_park
24,1,2,omnia_park
24,1,2,omnia_park
24,1,2,omnia_park
24,1,2,omnia_park
24,1,2,omnia_park
24,1,2,omnia_park
24,1,2,omnia_park
24,1,2,omnia_park
24,1,2,omnia_park
24,1,2,omnia_park
24,1,2,omnia_park
24,1,2,omnia_park
24,1,2,omnia_park
24,1,2,omnia_park
24,1,2,omnia_park
24,1,2,omnia_park
24,1,2,omnia_park
24,1,2,omnia_park
24,1,2,omnia_park
24,1,2,omnia_park
24,1,2,omnia_park
24,1,2,omnia_park
24,1,2,omnia_park
24,1,2,omnia_park
24,1,2,omnia_park
24,1,2,omnia_park
24,1,2,omnia_park
24,1,2,omnia_park
24,1,2,omnia_park
24,1,2,omnia_park
24,1,2,omnia_park
24,1,2,omnia_park
25,1,0,omnia_park
25,1,0,omnia_park
25,1,0,omnia_park
25,1,0,omnia_park
25,1,0,omnia_park
25,1,0,omnia_park
25,1,0,omnia_park
25,1,0,omnia_park
25,1,0,omnia_park
25,1,0,omnia_park
25,1,0,omnia_park
25,1,0,omnia_park
25,1,0,omnia_park
25,1,0,omnia_park
25,1,0,omnia_park
25,1,0,omnia_park
25,1,0,omnia_park
25,1,0,omnia_park
25,1,0,omnia_park
25,1,0,omnia_park
25,1,0,omnia_park
25,1,0,omnia_park
25,1,0,omnia_park
25,1,0,omnia_park
25,1,0,omnia_park
25,1,0,omnia_park
25,1,0,omnia_park
25,1,0,omnia_park
25,1,0,omnia_park
25,1,0,omnia_park
25,1,0,omnia_park
25,1,0,omnia_park
25,1,0,omnia_park
25,1,0,omnia_park
25,1,0,omnia_park
25,1,0,omnia_park
25,1,0,omnia_park
25,1,0,omnia_park
25,1,0,omnia_park
25,1,0,omnia_park
25,1,0,omnia_park
25,1,0,omnia_park
25,1,0,omnia_park
25,1,0,omnia_park
25,1,0,omnia_park
25,1,0,omnia_park
25,1,0,omnia_park
25,1,0,omnia_park
25,1,0,omnia_park
25,1,0,omnia_park
25,1,0,omnia_park
25,1,0,omnia_park
25,1,0,omnia_park
25,1,0,omnia_park
25,1,0,omnia_park
25,1,0,omnia_park
25,1,0,omnia_park
25,1,0,omnia_park
25,1,0,omnia_park
25,1,0,omnia_park
25,1,0,omnia_park
25,1,0,omnia_park
25,1,0,omnia_park
25,1,0,omnia_park
25,1,0,omnia_park
25,1,0,omnia_park
25,1,0,omnia_park
25,1,0,omnia_park
25,1,0,omnia_park
25,1,0,omnia_park
25,1,0,omnia_park
25,1,0,omnia_park
25,1,0,omnia_park
25,1,0,omnia_park
25,1,0,omnia_park
25,1,0,omnia_park
25,1,0,omnia_park
25,1,0,omnia_park
25,1,1,omnia_park
25,1,1,omnia_park
25,1,1,omnia_park
25,1,1,omnia_park
25,1,1,omnia_park
25,1,1,omnia_park
25,1,1,omnia_park
25,1,1,omnia_park
25,1,1,omnia_park
25,1,1,omnia_park
25,1,1,omnia_park
25,1,1,omnia_park
25,1,1,omnia_park
25,1,1,omnia_park
25,1,1,omnia_park
25,1,1,omnia_park
25,1,1,omnia_park
25,1,1,omnia_park
25,1,1,omnia_park
25,1,1,omnia_park
25,1,1,omnia_park
25,1,1,omnia_park
25,1,1,omnia_park
25,1,1,omnia_park
25,1,1,omnia_park
25,1,1,omnia_park
25,1,1,omnia_park
25,1,1,omnia_park
25,1,1,omnia_park
25,1,1,omnia_park
25,1,1,omnia_park
25,1,1,omnia_park
25,1,1,omnia_park
25,1,1,omnia_park
25,1,1,omnia_park
25,1,1,omnia_park
25,1,1,omnia_park
25,1,1,omnia_park
25,1,1,omnia_park
25,1,1,omnia_park
25,1,1,omnia_park
25,1,1,omnia_park
25,1,1,omnia_park
25,1,1,omnia_park
25,1,1,omnia_park
25,1,1,omnia_park
25,1,1,omnia_park
25,1,1,omnia_park
25,1,1,omnia_park
25,1,1,omnia_park
25,1,1,omnia_park
25,1,1,omnia_park
25,1,1,omnia_park
25,1,2,omnia_park
25,1,2,omnia_park
25,1,2,omnia_park
25,1,2,omnia_park
25,1,2,omnia_park
25,1,2,omnia_park
25,1,2,omnia_park
25,1,2,omnia_park
25,1,2,omnia_park
25,1,2,omnia_park
25,1,2,omnia_park
25,1,2,omnia_park
25,1,2,omnia_park
25,1,2,omnia_park
25,1,2,omnia_park
25,1,2,omnia_park
25,1,2,omnia_park
25,1,2,omnia_park
25,1,2,omnia_park
25,1,2,omnia_park
25,1,2,omnia_park
25,1,2,omnia_park
25,1,2,omnia_park
25,1,2,omnia_park
25,1,2,omnia_park
25,1,2,omnia_park
25,1,2,omnia_park
25,1,2,omnia_park
25,1,2,omnia_park
25,1,2,omnia_park
25,1,2,omnia_park
25,1,2,omnia_park
25,1,2,omnia_park
25,1,2,omnia_park
25,1,2,omnia_park
25,1,2,omnia_park
25,1,2,omnia_park
25,1,2,omnia_park
25,1,2,omnia_park
25,1,2,omnia_park
25,1,2,omnia_park
25,1,2,omnia_park
25,1,2,omnia_park
25,1,2,omnia_park
25,1,2,omnia_park
25,1,2,omnia_park
25,1,2,omnia_park
25,1,2,omnia_park
25,1,2,omnia_park
25,1,2,omnia_park
25,1,2,omnia_park
25,1,2,omnia_park
25,1,2,omnia_park
25,1,2,omnia_park
25,1,2,omnia_park
25,1,2,omnia_park
25,1,2,omnia_park
25,1,2,omnia_park
25,1,2,omnia_park
25,1,2,omnia_park
25,1,2,omnia_park
25,1,2,omnia_park
25,1,2,omnia_park
25,1,2,omnia_park
25,1,2,omnia_park
25,1,2,omnia_park
25,1,2,omnia_park
25,1,2,omnia_park
25,1,2,omnia_park
25,1,2,omnia_park
25,1,2,omnia_park
25,1,2,omnia_park
25,1,2,omnia_park
25,1,2,omnia_park
25,1,2,omnia_park
25,1,2,omnia_park
25,1,2,omnia_park
25,1,2,omnia_park
25,1,2,omnia_park
25,1,2,omnia_park
25,1,2,omnia_park
25,1,2,omnia_park
25,1,2,omnia_park
25,1,2,omnia_park
25,1,2,omnia_park
25,1,2,omnia_park
25,1,2,omnia_park
25,1,2,omnia_park
25,1,2,omnia_park
25,1,2,omnia_park
25,1,2,omnia_park
25,1,2,omnia_park
25,1,2,omnia_park
25,1,2,omnia_park
25,1,2,omnia_park
25,1,2,omnia_park
25,1,2,omnia_park
25,1,2,omnia_park
25,1,2,omnia_park
25,1,2,omnia_park
25,1,2,omnia_park
25,1,2,omnia_park
25,1,2,omnia_park
25,1,2,omnia_park
25,1,2,omnia_park
25,1,2,omnia_park
25,1,2,omnia_park
25,1,2,omnia_park
25,1,2,omnia_park
25,1,2,omnia_park
25,1,2,omnia_park
25,1,2,omnia_park
25,1,2,omnia_park
25,1,2,omnia_park
25,1,2,omnia_park
25,1,2,omnia_park
25,1,2,omnia_park
25,1,2,omnia_park
25,1,2,omnia_park
25,1,2,omnia_park
25,1,2,omnia_park
25,1,2,omnia_park
25,1,2,omnia_park
25,1,2,omnia_park
25,1,2,omnia_park
25,1,2,omnia_park
25,1,2,omnia_park
25,1,2,omnia_park
25,1,2,omnia_park
25,1,2,omnia_park
25,1,2,omnia_park
25,1,2,omnia_park
25,1,2,omnia_park
26,1,0,pd_phone
26,1,0,pd_phone
26,1,0,pd_phone
26,1,0,pd_phone
26,1,0,pd_phone
26,1,0,pd_phone
26,1,0,pd_phone
26,1,0,pd_phone
26,1,0,pd_phone
26,1,0,pd_phone
26,1,0,pd_phone
26,1,0,pd_phone
26,1,0,pd_phone
26,1,0,pd_phone
26,1,0,pd_phone
26,1,0,pd_phone
26,1,0,pd_phone
26,1,0,pd_phone
26,1,0,pd_phone
26,1,0,pd_phone
26,1,0,pd_phone
26,1,0,pd_phone
27,1,0,omnia_park
27,1,0,omnia_park
27,1,0,omnia_park
27,1,0,omnia_park
27,1,0,omnia_park
27,1,0,omnia_park
27,1,0,omnia_park
27,1,0,omnia_park
27,1,0,omnia_park
27,1,0,omnia_park
27,1,0,omnia_park
27,1,0,omnia_park
27,1,0,omnia_park
27,1,0,omnia_park
27,1,0,omnia_park
27,1,0,omnia_park
27,1,0,omnia_park
27,1,0,omnia_park
27,1,0,omnia_park
27,1,0,omnia_park
27,1,0,omnia_park
27,1,0,omnia_park
27,1,0,omnia_park
27,1,0,omnia_park
27,1,0,omnia_park
27,1,0,omnia_park
27,1,0,omnia_park
27,1,0,omnia_park
27,1,0,omnia_park
27,1,0,omnia_park
27,1,0,omnia_park
27,1,0,omnia_park
27,1,0,omnia_park
27,1,0,omnia_park
27,1,0,omnia_park
27,1,0,omnia_park
27,1,0,omnia_park
27,1,0,omnia_park
27,1,0,omnia_park
27,1,0,omnia_park
27,1,0,omnia_park
27,1,0,omnia_park
27,1,0,omnia_park
27,1,0,omnia_park
27,1,0,omnia_park
27,1,0,omnia_park
27,1,0,omnia_park
27,1,0,omnia_park
27,1,0,omnia_park
27,1,0,omnia_park
27,1,0,omnia_park
27,1,0,omnia_park
27,1,0,omnia_park
27,1,0,omnia_park
27,1,0,omnia_park
27,1,0,omnia_park
27,1,0,omnia_park
27,1,0,omnia_park
27,1,0,omnia_park
27,1,0,omnia_park
27,1,0,omnia_park
27,1,0,omnia_park
27,1,0,omnia_park
27,1,0,omnia_park
27,1,0,omnia_park
27,1,0,omnia_park
27,1,0,omnia_park
27,1,0,omnia_park
27,1,0,omnia_park
27,1,0,omnia_park
27,1,0,omnia_park
27,1,0,omnia_park
27,1,0,omnia_park
27,1,0,omnia_park
27,1,0,omnia_park
27,1,1,omnia_park
27,1,1,omnia_park
27,1,1,omnia_park
27,1,1,omnia_park
27,1,1,omnia_park
27,1,1,omnia_park
27,1,1,omnia_park
27,1,1,omnia_park
27,1,1,omnia_park
27,1,1,omnia_park
27,1,1,omnia_park
27,1,1,omnia_park
27,1,1,omnia_park
27,1,1,omnia_park
27,1,1,omnia_park
27,1,1,omnia_park
27,1,1,omnia_park
27,1,1,omnia_park
27,1,1,omnia_park
27,1,1,omnia_park
27,1,1,omnia_park
27,1,1,omnia_park
27,1,1,omnia_park
27,1,1,omnia_park
27,1,1,omnia_park
27,1,1,omnia_park
27,1,1,omnia_park
27,1,1,omnia_park
27,1,1,omnia_park
27,1,1,omnia_park
27,1,1,omnia_park
27,1,1,omnia_park
27,1,1,omnia_park
27,1,1,omnia_park
27,1,1,omnia_park
27,1,1,omnia_park
27,1,1,omnia_park
27,1,1,omnia_park
27,1,1,omnia_park
27,1,1,omnia_park
27,1,1,omnia_park
27,1,1,omnia_park
27,1,1,omnia_park
27,1,1,omnia_park
27,1,1,omnia_park
27,1,1,omnia_park
27,1,1,omnia_park
27,1,1,omnia_park
27,1,1,omnia_park
27,1,1,omnia_park
27,1,1,omnia_park
27,1,1,omnia_park
27,1,1,omnia_park
27,1,1,omnia_park
27,1,2,omnia_park
27,1,2,omnia_park
27,1,2,omnia_park
27,1,2,omnia_park
27,1,2,omnia_park
27,1,2,omnia_park
27,1,2,omnia_park
27,1,2,omnia_park
27,1,2,omnia_park
27,1,2,omnia_park
27,1,2,omnia_park
27,1,2,omnia_park
27,1,2,omnia_park
27,1,2,omnia_park
27,1,2,omnia_park
27,1,2,omnia_park
27,1,2,omnia_park
27,1,2,omnia_park
27,1,2,omnia_park
27,1,2,omnia_park
27,1,2,omnia_park
27,1,2,omnia_park
27,1,2,omnia_park
27,1,2,omnia_park
27,1,2,omnia_park
27,1,2,omnia_park
27,1,2,omnia_park
27,1,2,omnia_park
27,1,2,omnia_park
27,1,2,omnia_park
27,1,2,omnia_park
27,1,2,omnia_park
27,1,2,omnia_park
27,1,2,omnia_park
27,1,2,omnia_park
27,1,2,omnia_park
27,1,2,omnia_park
27,1,2,omnia_park
27,1,2,omnia_park
27,1,2,omnia_park
27,1,2,omnia_park
27,1,2,omnia_park
27,1,2,omnia_park
27,1,2,omnia_park
27,1,2,omnia_park
27,1,2,omnia_park
27,1,2,omnia_park
27,1,2,omnia_park
27,1,2,omnia_park
27,1,2,omnia_park
27,1,2,omnia_park
27,1,2,omnia_park
27,1,2,omnia_park
27,1,2,omnia_park
27,1,2,omnia_park
27,1,2,omnia_park
27,1,2,omnia_park
27,1,2,omnia_park
27,1,2,omnia_park
27,1,2,omnia_park
27,1,2,omnia_park
27,1,2,omnia_park
27,1,2,omnia_park
27,1,2,omnia_park
27,1,2,omnia_park
27,1,2,omnia_park
27,1,2,omnia_park
27,1,2,omnia_park
27,1,2,omnia_park
27,1,2,omnia_park
27,1,2,omnia_park
27,1,2,omnia_park
27,1,2,omnia_park
27,1,2,omnia_park
27,1,2,omnia_park
27,1,2,omnia_park
27,1,2,omnia_park
27,1,2,omnia_park
27,1,2,omnia_park
27,1,2,omnia_park
27,1,2,omnia_park
27,1,2,omnia_park
27,1,2,omnia_park
27,1,2,omnia_park
27,1,2,omnia_park
27,1,2,omnia_park
27,1,2,omnia_park
27,1,2,omnia_park
27,1,2,omnia_park
27,1,2,omnia_park
27,1,2,omnia_park
27,1,2,omnia_park
27,1,2,omnia_park
27,1,2,omnia_park
27,1,2,omnia_park
27,1,2,omnia_park
27,1,2,omnia_park
27,1,2,omnia_park
27,1,2,omnia_park
27,1,2,omnia_park
27,1,2,omnia_park
27,1,2,omnia_park
27,1,2,omnia_park
27,1,2,omnia_park
27,1,2,omnia_park
27,1,2,omnia_park
27,1,2,omnia_park
27,1,2,omnia_park
27,1,2,omnia_park
27,1,2,omnia_park
27,1,2,omnia_park
27,1,2,omnia_park
27,1,2,omnia_park
27,1,2,omnia_park
27,1,2,omnia_park
27,1,2,omnia_park
27,1,2,omnia_park
27,1,2,omnia_park
27,1,2,omnia_park
27,1,2,omnia_park
27,1,2,omnia_park
27,1,2,omnia_park
27,1,2,omnia_park
27,1,2,omnia_park
27,1,2,omnia_park
27,1,2,omnia_park
27,1,2,omnia_park
27,1,2,omnia_park
27,1,2,omnia_park
27,1,2,omnia_park
27,1,2,omnia_park
27,1,2,omnia_park
27,1,2,omnia_park
27,1,2,omnia_park
27,1,2,omnia_park
27,1,2,omnia_park
27,1,2,omnia_park
27,1,2,omnia_park
27,1,2,omnia_park
27,1,2,omnia_park
27,1,2,omnia_park
27,1,2,omnia_park
27,1,2,omnia_park
27,1,2,omnia_park
27,1,2,omnia_park
27,1,2,omnia_park
27,1,2,omnia_park
27,1,2,omnia_park
28,1,0,omnia_park
28,1,0,omnia_park
28,1,0,omnia_park
28,1,0,omnia_park
28,1,0,omnia_park
28,1,0,omnia_park
28,1,0,omnia_park
28,1,0,omnia_park
28,1,0,omnia_park
28,1,0,omnia_park
28,1,0,omnia_park
28,1,0,omnia_park
28,1,0,omnia_park
28,1,0,omnia_park
28,1,0,omnia_park
28,1,0,omnia_park
28,1,0,omnia_park
28,1,0,omnia_park
28,1,0,omnia_park
28,1,0,omnia_park
28,1,0,omnia_park
28,1,0,omnia_park
28,1,0,omnia_park
28,1,0,omnia_park
28,1,0,omnia_park
28,1,0,omnia_park
28,1,0,omnia_park
28,1,0,omnia_park
28,1,0,omnia_park
28,1,0,omnia_park
28,1,0,omnia_park
28,1,0,omnia_park
28,1,0,omnia_park
28,1,0,omnia_park
28,1,0,omnia_park
28,1,0,omnia_park
28,1,0,omnia_park
28,1,0,omnia_park
28,1,0,omnia_park
28,1,0,omnia_park
28,1,0,omnia_park
28,1,0,omnia_park
28,1,0,omnia_park
28,1,0,omnia_park
28,1,0,omnia_park
28,1,0,omnia_park
28,1,0,omnia_park
28,1,0,omnia_park
28,1,0,omnia_park
28,1,0,omnia_park
28,1,0,omnia_park
28,1,0,omnia_park
28,1,0,omnia_park
28,1,0,omnia_park
28,1,0,omnia_park
28,1,0,omnia_park
28,1,0,omnia_park
28,1,0,omnia_park
28,1,0,omnia_park
28,1,0,omnia_park
28,1,0,omnia_park
28,1,0,omnia_park
28,1,0,omnia_park
28,1,0,omnia_park
28,1,0,omnia_park
28,1,0,omnia_park
28,1,0,omnia_park
28,1,0,omnia_park
28,1,0,omnia_park
28,1,0,omnia_park
28,1,0,omnia_park
28,1,0,omnia_park
28,1,0,omnia_park
28,1,0,omnia_park
28,1,1,omnia_park
28,1,1,omnia_park
28,1,1,omnia_park
28,1,1,omnia_park
28,1,1,omnia_park
28,1,1,omnia_park
28,1,1,omnia_park
28,1,1,omnia_park
28,1,1,omnia_park
28,1,1,omnia_park
28,1,1,omnia_park
28,1,1,omnia_park
28,1,1,omnia_park
28,1,1,omnia_park
28,1,1,omnia_park
28,1,1,omnia_park
28,1,1,omnia_park
28,1,1,omnia_park
28,1,1,omnia_park
28,1,1,omnia_park
28,1,1,omnia_park
28,1,1,omnia_park
28,1,1,omnia_park
28,1,1,omnia_park
28,1,1,omnia_park
28,1,1,omnia_park
28,1,1,omnia_park
28,1,1,omnia_park
28,1,1,omnia_park
28,1,1,omnia_park
28,1,1,omnia_park
28,1,1,omnia_park
28,1,1,omnia_park
28,1,1,omnia_park
28,1,1,omnia_park
28,1,1,omnia_park
28,1,1,omnia_park
28,1,1,omnia_park
28,1,1,omnia_park
28,1,1,omnia_park
28,1,1,omnia_park
28,1,1,omnia_park
28,1,1,omnia_park
28,1,1,omnia_park
28,1,1,omnia_park
28,1,1,omnia_park
28,1,1,omnia_park
28,1,1,omnia_park
28,1,1,omnia_park
28,1,1,omnia_park
28,1,1,omnia_park
28,1,1,omnia_park
28,1,1,omnia_park
28,1,1,omnia_park
28,1,1,omnia_park
28,1,1,omnia_park
28,1,1,omnia_park
28,1,1,omnia_park
28,1,1,omnia_park
28,1,1,omnia_park
28,1,1,omnia_park
28,1,1,omnia_park
28,1,1,omnia_park
28,1,1,omnia_park
28,1,1,omnia_park
28,1,2,omnia_park
28,1,2,omnia_park
28,1,2,omnia_park
28,1,2,omnia_park
28,1,2,omnia_park
28,1,2,omnia_park
28,1,2,omnia_park
28,1,2,omnia_park
28,1,2,omnia_park
28,1,2,omnia_park
28,1,2,omnia_park
28,1,2,omnia_park
28,1,2,omnia_park
28,1,2,omnia_park
28,1,2,omnia_park
28,1,2,omnia_park
28,1,2,omnia_park
28,1,2,omnia_park
28,1,2,omnia_park
28,1,2,omnia_park
28,1,2,omnia_park
28,1,2,omnia_park
28,1,2,omnia_park
28,1,2,omnia_park
28,1,2,omnia_park
28,1,2,omnia_park
28,1,2,omnia_park
28,1,2,omnia_park
28,1,2,omnia_park
28,1,2,omnia_park
28,1,2,omnia_park
28,1,2,omnia_park
28,1,2,omnia_park
28,1,2,omnia_park
28,1,2,omnia_park
28,1,2,omnia_park
28,1,2,omnia_park
28,1,2,omnia_park
28,1,2,omnia_park
28,1,2,omnia_park
28,1,2,omnia_park
28,1,2,omnia_park
28,1,2,omnia_park
28,1,2,omnia_park
28,1,2,omnia_park
28,1,2,omnia_park
28,1,2,omnia_park
28,1,2,omnia_park
28,1,2,omnia_park
28,1,2,omnia_park
28,1,2,omnia_park
28,1,2,omnia_park
28,1,2,omnia_park
28,1,2,omnia_park
28,1,2,omnia_park
28,1,2,omnia_park
28,1,2,omnia_park
28,1,2,omnia_park
28,1,2,omnia_park
28,1,2,omnia_park
28,1,2,omnia_park
28,1,2,omnia_park
28,1,2,omnia_park
28,1,2,omnia_park
28,1,2,omnia_park
28,1,2,omnia_park
28,1,2,omnia_park
28,1,2,omnia_park
28,1,2,omnia_park
28,1,2,omnia_park
28,1,2,omnia_park
28,1,2,omnia_park
28,1,2,omnia_park
28,1,2,omnia_park
28,1,2,omnia_park
28,1,2,omnia_park
28,1,2,omnia_park
28,1,2,omnia_park
28,1,2,omnia_park
28,1,2,omnia_park
28,1,2,omnia_park
28,1,2,omnia_park
28,1,2,omnia_park
28,1,2,omnia_park
28,1,2,omnia_park
28,1,2,omnia_park
28,1,2,omnia_park
28,1,2,omnia_park
28,1,2,omnia_park
28,1,2,omnia_park
28,1,2,omnia_park
28,1,2,omnia_park
28,1,2,omnia_park
28,1,2,omnia_park
28,1,2,omnia_park
28,1,2,omnia_park
28,1,2,omnia_park
28,1,2,omnia_park
28,1,2,omnia_park
28,1,2,omnia_park
28,1,2,omnia_park
28,1,2,omnia_park
28,1,2,omnia_park
28,1,2,omnia_park
28,1,2,omnia_park
28,1,2,omnia_park
28,1,2,omnia_park
28,1,2,omnia_park
28,1,2,omnia_park
28,1,2,omnia_park
28,1,2,omnia_park
28,1,2,omnia_park
28,1,2,omnia_park
28,1,2,omnia_park
28,1,2,omnia_park
28,1,2,omnia_park
28,1,2,omnia_park
28,1,2,omnia_park
28,1,2,omnia_park
28,1,2,omnia_park
28,1,2,omnia_park
28,1,2,omnia_park
28,1,2,omnia_park
28,1,2,omnia_park
28,1,2,omnia_park
28,1,2,omnia_park
28,1,2,omnia_park
28,1,2,omnia_park
28,1,2,omnia_park
28,1,2,omnia_park
28,1,2,omnia_park
28,1,2,omnia_park
28,1,2,omnia_park
28,1,2,omnia_park
29,1,0,omnia_park
29,1,0,omnia_park
29,1,0,omnia_park
29,1,0,omnia_park
29,1,0,omnia_park
29,1,0,omnia_park
29,1,0,omnia_park
29,1,0,omnia_park
29,1,0,omnia_park
29,1,0,omnia_park
29,1,0,omnia_park
29,1,0,omnia_park
29,1,0,omnia_park
29,1,0,omnia_park
29,1,0,omnia_park
29,1,0,omnia_park
29,1,0,omnia_park
29,1,0,omnia_park
29,1,0,omnia_park
29,1,0,omnia_park
29,1,0,omnia_park
29,1,0,omnia_park
29,1,0,omnia_park
29,1,0,omnia_park
29,1,0,omnia_park
29,1,0,omnia_park
29,1,0,omnia_park
29,1,0,omnia_park
29,1,0,omnia_park
29,1,0,omnia_park
29,1,0,omnia_park
29,1,0,omnia_park
29,1,0,omnia_park
29,1,0,omnia_park
29,1,0,omnia_park
29,1,0,omnia_park
29,1,0,omnia_park
29,1,0,omnia_park
29,1,0,omnia_park
29,1,0,omnia_park
29,1,0,omnia_park
29,1,0,omnia_park
29,1,0,omnia_park
29,1,0,omnia_park
29,1,0,omnia_park
29,1,0,omnia_park
29,1,0,omnia_park
29,1,0,omnia_park
29,1,0,omnia_park
29,1,0,omnia_park
29,1,0,omnia_park
29,1,0,omnia_park
29,1,0,omnia_park
29,1,0,omnia_park
29,1,0,omnia_park
29,1,0,omnia_park
29,1,0,omnia_park
29,1,0,omnia_park
29,1,0,omnia_park
29,1,0,omnia_park
29,1,0,omnia_park
29,1,0,omnia_park
29,1,0,omnia_park
29,1,0,omnia_park
29,1,0,omnia_park
29,1,0,omnia_park
29,1,0,omnia_park
29,1,1,omnia_park
29,1,1,omnia_park
29,1,1,omnia_park
29,1,1,omnia_park
29,1,1,omnia_park
29,1,1,omnia_park
29,1,1,omnia_park
29,1,1,omnia_park
29,1,1,omnia_park
29,1,1,omnia_park
29,1,1,omnia_park
29,1,1,omnia_park
29,1,1,omnia_park
29,1,1,omnia_park
29,1,1,omnia_park
29,1,1,omnia_park
29,1,1,omnia_park
29,1,1,omnia_park
29,1,1,omnia_park
29,1,1,omnia_park
29,1,1,omnia_park
29,1,1,omnia_park
29,1,1,omnia_park
29,1,1,omnia_park
29,1,1,omnia_park
29,1,1,omnia_park
29,1,1,omnia_park
29,1,1,omnia_park
29,1,1,omnia_park
29,1,1,omnia_park
29,1,1,omnia_park
29,1,1,omnia_park
29,1,1,omnia_park
29,1,1,omnia_park
29,1,1,omnia_park
29,1,1,omnia_park
29,1,1,omnia_park
29,1,1,omnia_park
29,1,1,omnia_park
29,1,1,omnia_park
29,1,1,omnia_park
29,1,1,omnia_park
29,1,1,omnia_park
29,1,1,omnia_park
29,1,1,omnia_park
29,1,1,omnia_park
29,1,1,omnia_park
29,1,1,omnia_park
29,1,1,omnia_park
29,1,1,omnia_park
29,1,1,omnia_park
29,1,1,omnia_park
29,1,2,omnia_park
29,1,2,omnia_park
29,1,2,omnia_park
29,1,2,omnia_park
29,1,2,omnia_park
29,1,2,omnia_park
29,1,2,omnia_park
29,1,2,omnia_park
29,1,2,omnia_park
29,1,2,omnia_park
29,1,2,omnia_park
29,1,2,omnia_park
29,1,2,omnia_park
29,1,2,omnia_park
29,1,2,omnia_park
29,1,2,omnia_park
29,1,2,omnia_park
29,1,2,omnia_park
29,1,2,omnia_park
29,1,2,omnia_park
29,1,2,omnia_park
29,1,2,omnia_park
29,1,2,omnia_park
29,1,2,omnia_park
29,1,2,omnia_park
29,1,2,omnia_park
29,1,2,omnia_park
29,1,2,omnia_park
29,1,2,omnia_park
29,1,2,omnia_park
29,1,2,omnia_park
29,1,2,omnia_park
29,1,2,omnia_park
29,1,2,omnia_park
29,1,2,omnia_park
29,1,2,omnia_park
29,1,2,omnia_park
29,1,2,omnia_park
29,1,2,omnia_park
29,1,2,omnia_park
29,1,2,omnia_park
29,1,2,omnia_park
29,1,2,omnia_park
29,1,2,omnia_park
29,1,2,omnia_park
29,1,2,omnia_park
29,1,2,omnia_park
29,1,2,omnia_park
29,1,2,omnia_park
29,1,2,omnia_park
29,1,2,omnia_park
29,1,2,omnia_park
29,1,2,omnia_park
29,1,2,omnia_park
29,1,2,omnia_park
29,1,2,omnia_park
29,1,2,omnia_park
29,1,2,omnia_park
29,1,2,omnia_park
29,1,2,omnia_park
29,1,2,omnia_park
29,1,2,omnia_park
29,1,2,omnia_park
29,1,2,omnia_park
29,1,2,omnia_park
29,1,2,omnia_park
29,1,2,omnia_park
29,1,2,omnia_park
29,1,2,omnia_park
29,1,2,omnia_park
29,1,2,omnia_park
29,1,2,omnia_park
29,1,2,omnia_park
29,1,2,omnia_park
29,1,2,omnia_park
29,1,2,omnia_park
29,1,2,omnia_park
29,1,2,omnia_park
29,1,2,omnia_park
29,1,2,omnia_park
29,1,2,omnia_park
29,1,2,omnia_park
29,1,2,omnia_park
29,1,2,omnia_park
29,1,2,omnia_park
29,1,2,omnia_park
29,1,2,omnia_park
29,1,2,omnia_park
29,1,2,omnia_park
29,1,2,omnia_park
29,1,2,omnia_park
29,1,2,omnia_park
29,1,2,omnia_park
29,1,2,omnia_park
29,1,2,omnia_park
29,1,2,omnia_park
29,1,2,omnia_park
29,1,2,omnia_park
29,1,2,omnia_park
29,1,2,omnia_park
29,1,2,omnia_park
29,1,2,omnia_park
29,1,2,omnia_park
29,1,2,omnia_park
29,1,2,omnia_park
29,1,2,omnia_park
29,1,2,omnia_park
29,1,2,omnia_park
29,1,2,omnia_park
29,1,2,omnia_park
29,1,2,omnia_park
29,1,2,omnia_park
29,1,2,omnia_park
29,1,2,omnia_park
29,1,2,omnia_park
29,1,2,omnia_park
29,1,2,omnia_park
29,1,2,omnia_park
29,1,2,omnia_park
29,1,2,omnia_park
29,1,2,omnia_park
29,1,2,omnia_park
29,1,2,omnia_park
29,1,2,omnia_park
29,1,2,omnia_park
29,1,2,omnia_park
29,1,2,omnia_park
29,1,2,omnia_park
29,1,2,omnia_park
29,1,2,omnia_park
29,1,2,omnia_park
29,1,2,omnia_park
30,1,0,omnia_park
30,1,0,omnia_park
30,1,0,omnia_park
30,1,0,omnia_park
30,1,0,omnia_park
30,1,0,omnia_park
30,1,0,omnia_park
30,1,0,omnia_park
30,1,0,omnia_park
30,1,0,omnia_park
30,1,0,omnia_park
30,1,0,omnia_park
30,1,0,omnia_park
30,1,0,omnia_park
30,1,0,omnia_park
30,1,0,omnia_park
30,1,0,omnia_park
30,1,0,omnia_park
30,1,0,omnia_park
30,1,0,omnia_park
30,1,0,omnia_park
30,1,0,omnia_park
30,1,0,omnia_park
30,1,0,omnia_park
30,1,0,omnia_park
30,1,0,omnia_park
30,1,0,omnia_park
30,1,0,omnia_park
30,1,0,omnia_park
30,1,0,omnia_park
30,1,0,omnia_park
30,1,0,omnia_park
30,1,0,omnia_park
30,1,0,omnia_park
30,1,0,omnia_park
30,1,0,omnia_park
30,1,0,omnia_park
30,1,0,omnia_park
30,1,0,omnia_park
30,1,0,omnia_park
30,1,0,omnia_park
30,1,0,omnia_park
30,1,0,omnia_park
30,1,0,omnia_park
30,1,0,omnia_park
30,1,0,omnia_park
30,1,0,omnia_park
30,1,0,omnia_park
30,1,0,omnia_park
30,1,0,omnia_park
30,1,0,omnia_park
30,1,0,omnia_park
30,1,0,omnia_park
30,1,0,omnia_park
30,1,0,omnia_park
30,1,0,omnia_park
30,1,0,omnia_park
30,1,0,omnia_park
30,1,0,omnia_park
30,1,0,omnia_park
30,1,0,omnia_park
30,1,0,omnia_park
30,1,0,omnia_park
30,1,0,omnia_park
30,1,0,omnia_park
30,1,0,omnia_park
30,1,0,omnia_park
30,1,0,omnia_park
30,1,0,omnia_park
30,1,0,omnia_park
30,1,0,omnia_park
30,1,0,omnia_park
30,1,0,omnia_park
30,1,0,omnia_park
30,1,0,omnia_park
30,1,0,omnia_park
30,1,1,omnia_park
30,1,1,omnia_park
30,1,1,omnia_park
30,1,1,omnia_park
30,1,1,omnia_park
30,1,1,omnia_park
30,1,1,omnia_park
30,1,1,omnia_park
30,1,1,omnia_park
30,1,1,omnia_park
30,1,1,omnia_park
30,1,1,omnia_park
30,1,1,omnia_park
30,1,1,omnia_park
30,1,1,omnia_park
30,1,1,omnia_park
30,1,1,omnia_park
30,1,1,omnia_park
30,1,1,omnia_park
30,1,1,omnia_park
30,1,1,omnia_park
30,1,1,omnia_park
30,1,1,omnia_park
30,1,1,omnia_park
30,1,1,omnia_park
30,1,1,omnia_park
30,1,1,omnia_park
30,1,1,omnia_park
30,1,1,omnia_park
30,1,1,omnia_park
30,1,1,omnia_park
30,1,1,omnia_park
30,1,1,omnia_park
30,1,1,omnia_park
30,1,1,omnia_park
30,1,1,omnia_park
30,1,1,omnia_park
30,1,1,omnia_park
30,1,1,omnia_park
30,1,1,omnia_park
30,1,1,omnia_park
30,1,1,omnia_park
30,1,1,omnia_park
30,1,1,omnia_park
30,1,1,omnia_park
30,1,1,omnia_park
30,1,1,omnia_park
30,1,1,omnia_park
30,1,1,omnia_park
30,1,1,omnia_park
30,1,1,omnia_park
30,1,1,omnia_park
30,1,1,omnia_park
30,1,1,omnia_park
30,1,1,omnia_park
30,1,1,omnia_park
30,1,1,omnia_park
30,1,1,omnia_park
30,1,1,omnia_park
30,1,1,omnia_park
30,1,1,omnia_park
30,1,1,omnia_park
30,1,2,omnia_park
30,1,2,omnia_park
30,1,2,omnia_park
30,1,2,omnia_park
30,1,2,omnia_park
30,1,2,omnia_park
30,1,2,omnia_park
30,1,2,omnia_park
30,1,2,omnia_park
30,1,2,omnia_park
30,1,2,omnia_park
30,1,2,omnia_park
30,1,2,omnia_park
30,1,2,omnia_park
30,1,2,omnia_park
30,1,2,omnia_park
30,1,2,omnia_park
30,1,2,omnia_park
30,1,2,omnia_park
30,1,2,omnia_park
30,1,2,omnia_park
30,1,2,omnia_park
30,1,2,omnia_park
30,1,2,omnia_park
30,1,2,omnia_park
30,1,2,omnia_park
30,1,2,omnia_park
30,1,2,omnia_park
30,1,2,omnia_park
30,1,2,omnia_park
30,1,2,omnia_park
30,1,2,omnia_park
30,1,2,omnia_park
30,1,2,omnia_park
30,1,2,omnia_park
30,1,2,omnia_park
30,1,2,omnia_park
30,1,2,omnia_park
30,1,2,omnia_park
30,1,2,omnia_park
30,1,2,omnia_park
30,1,2,omnia_park
30,1,2,omnia_park
30,1,2,omnia_park
30,1,2,omnia_park
30,1,2,omnia_park
30,1,2,omnia_park
30,1,2,omnia_park
30,1,2,omnia_park
30,1,2,omnia_park
30,1,2,omnia_park
30,1,2,omnia_park
30,1,2,omnia_park
30,1,2,omnia_park
30,1,2,omnia_park
30,1,2,omnia_park
30,1,2,omnia_park
30,1,2,omnia_park
30,1,2,omnia_park
30,1,2,omnia_park
30,1,2,omnia_park
30,1,2,omnia_park
30,1,2,omnia_park
30,1,2,omnia_park
30,1,2,omnia_park
30,1,2,omnia_park
30,1,2,omnia_park
30,1,2,omnia_park
30,1,2,omnia_park
30,1,2,omnia_park
30,1,2,omnia_park
30,1,2,omnia_park
30,1,2,omnia_park
30,1,2,omnia_park
30,1,2,omnia_park
30,1,2,omnia_park
30,1,2,omnia_park
30,1,2,omnia_park
30,1,2,omnia_park
30,1,2,omnia_park
30,1,2,omnia_park
30,1,2,omnia_park
30,1,2,omnia_park
30,1,2,omnia_park
30,1,2,omnia_park
30,1,2,omnia_park
30,1,2,omnia_park
30,1,2,omnia_park
30,1,2,omnia_park
30,1,2,omnia_park
30,1,2,omnia_park
30,1,2,omnia_park
30,1,2,omnia_park
30,1,2,omnia_park
30,1,2,omnia_park
30,1,2,omnia_park
30,1,2,omnia_park
30,1,2,omnia_park
30,1,2,omnia_park
30,1,2,omnia_park
30,1,2,omnia_park
30,1,2,omnia_park
30,1,2,omnia_park
30,1,2,omnia_park
30,1,2,omnia_park
30,1,2,omnia_park
30,1,2,omnia_park
30,1,2,omnia_park
30,1,2,omnia_park
30,1,2,omnia_park
30,1,2,omnia_park
30,1,2,omnia_park
30,1,2,omnia_park
30,1,2,omnia_park
30,1,2,omnia_park
30,1,2,omnia_park
30,1,2,omnia_park
30,1,2,omnia_park
30,1,2,omnia_park
30,1,2,omnia_park
30,1,2,omnia_park
30,1,2,omnia_park
30,1,2,omnia_park
30,1,2,omnia_park
30,1,2,omnia_park
30,1,2,omnia_park
30,1,2,omnia_park
30,1,2,omnia_park
30,1,2,omnia_park
30,1,2,omnia_park
30,1,2,omnia_park
30,1,2,omnia_park
30,1,2,omnia_park
31,1,0,omnia_park
31,1,0,omnia_park
31,1,0,omnia_park
31,1,0,omnia_park
31,1,0,omnia_park
31,1,0,omnia_park
31,1,0,omnia_park
31,1,0,omnia_park
31,1,0,omnia_park
31,1,0,omnia_park
31,1,0,omnia_park
31,1,0,omnia_park
31,1,0,omnia_park
31,1,0,omnia_park
31,1,0,omnia_park
31,1,0,omnia_park
31,1,0,omnia_park
31,1,0,omnia_park
31,1,0,omnia_park
31,1,0,omnia_park
31,1,0,omnia_park
31,1,0,omnia_park
31,1,0,omnia_park
31,1,0,omnia_park
31,1,0,omnia_park
31,1,0,omnia_park
31,1,0,omnia_park
31,1,0,omnia_park
31,1,0,omnia_park
31,1,0,omnia_park
31,1,0,omnia_park
31,1,0,omnia_park
31,1,0,omnia_park
31,1,0,omnia_park
31,1,0,omnia_park
31,1,0,omnia_park
31,1,0,omnia_park
31,1,0,omnia_park
31,1,0,omnia_park
31,1,0,omnia_park
31,1,0,omnia_park
31,1,0,omnia_park
31,1,0,omnia_park
31,1,0,omnia_park
31,1,0,omnia_park
31,1,0,omnia_park
31,1,0,omnia_park
31,1,0,omnia_park
31,1,0,omnia_park
31,1,0,omnia_park
31,1,0,omnia_park
31,1,0,omnia_park
31,1,0,omnia_park
31,1,0,omnia_park
31,1,0,omnia_park
31,1,0,omnia_park
31,1,0,omnia_park
31,1,0,omnia_park
31,1,0,omnia_park
31,1,0,omnia_park
31,1,0,omnia_park
31,1,0,omnia_park
31,1,0,omnia_park
31,1,0,omnia_park
31,1,0,omnia_park
31,1,0,omnia_park
31,1,0,omnia_park
31,1,0,omnia_park
31,1,0,omnia_park
31,1,0,omnia_park
31,1,0,omnia_park
31,1,0,omnia_park
31,1,0,omnia_park
31,1,0,omnia_park
31,1,0,omnia_park
31,1,1,omnia_park
31,1,1,omnia_park
31,1,1,omnia_park
31,1,1,omnia_park
31,1,1,omnia_park
31,1,1,omnia_park
31,1,1,omnia_park
31,1,1,omnia_park
31,1,1,omnia_park
31,1,1,omnia_park
31,1,1,omnia_park
31,1,1,omnia_park
31,1,1,omnia_park
31,1,1,omnia_park
31,1,1,omnia_park
31,1,1,omnia_park
31,1,1,omnia_park
31,1,1,omnia_park
31,1,1,omnia_park
31,1,1,omnia_park
31,1,1,omnia_park
31,1,1,omnia_park
31,1,1,omnia_park
31,1,1,omnia_park
31,1,1,omnia_park
31,1,1,omnia_park
31,1,1,omnia_park
31,1,1,omnia_park
31,1,1,omnia_park
31,1,1,omnia_park
31,1,1,omnia_park
31,1,1,omnia_park
31,1,1,omnia_park
31,1,1,omnia_park
31,1,1,omnia_park
31,1,1,omnia_park
31,1,1,omnia_park
31,1,1,omnia_park
31,1,1,omnia_park
31,1,1,omnia_park
31,1,1,omnia_park
31,1,1,omnia_park
31,1,1,omnia_park
31,1,1,omnia_park
31,1,1,omnia_park
31,1,1,omnia_park
31,1,1,omnia_park
31,1,1,omnia_park
31,1,1,omnia_park
31,1,1,omnia_park
31,1,1,omnia_park
31,1,1,omnia_park
31,1,1,omnia_park
31,1,1,omnia_park
31,1,2,omnia_park
31,1,2,omnia_park
31,1,2,omnia_park
31,1,2,omnia_park
31,1,2,omnia_park
31,1,2,omnia_park
31,1,2,omnia_park
31,1,2,omnia_park
31,1,2,omnia_park
31,1,2,omnia_park
31,1,2,omnia_park
31,1,2,omnia_park
31,1,2,omnia_park
31,1,2,omnia_park
31,1,2,omnia_park
31,1,2,omnia_park
31,1,2,omnia_park
31,1,2,omnia_park
31,1,2,omnia_park
31,1,2,omnia_park
31,1,2,omnia_park
31,1,2,omnia_park
31,1,2,omnia_park
31,1,2,omnia_park
31,1,2,omnia_park
31,1,2,omnia_park
31,1,2,omnia_park
31,1,2,omnia_park
31,1,2,omnia_park
31,1,2,omnia_park
31,1,2,omnia_park
31,1,2,omnia_park
31,1,2,omnia_park
31,1,2,omnia_park
31,1,2,omnia_park
31,1,2,omnia_park
31,1,2,omnia_park
31,1,2,omnia_park
31,1,2,omnia_park
31,1,2,omnia_park
31,1,2,omnia_park
31,1,2,omnia_park
31,1,2,omnia_park
31,1,2,omnia_park
31,1,2,omnia_park
31,1,2,omnia_park
31,1,2,omnia_park
31,1,2,omnia_park
31,1,2,omnia_park
31,1,2,omnia_park
31,1,2,omnia_park
31,1,2,omnia_park
31,1,2,omnia_park
31,1,2,omnia_park
31,1,2,omnia_park
31,1,2,omnia_park
31,1,2,omnia_park
31,1,2,omnia_park
31,1,2,omnia_park
31,1,2,omnia_park
31,1,2,omnia_park
31,1,2,omnia_park
31,1,2,omnia_park
31,1,2,omnia_park
31,1,2,omnia_park
31,1,2,omnia_park
31,1,2,omnia_park
31,1,2,omnia_park
31,1,2,omnia_park
31,1,2,omnia_park
31,1,2,omnia_park
31,1,2,omnia_park
31,1,2,omnia_park
31,1,2,omnia_park
31,1,2,omnia_park
31,1,2,omnia_park
31,1,2,omnia_park
31,1,2,omnia_park
31,1,2,omnia_park
31,1,2,omnia_park
31,1,2,omnia_park
31,1,2,omnia_park
31,1,2,omnia_park
31,1,2,omnia_park
31,1,2,omnia_park
31,1,2,omnia_park
31,1,2,omnia_park
31,1,2,omnia_park
31,1,2,omnia_park
31,1,2,omnia_park
31,1,2,omnia_park
31,1,2,omnia_park
31,1,2,omnia_park
31,1,2,omnia_park
31,1,2,omnia_park
31,1,2,omnia_park
31,1,2,omnia_park
31,1,2,omnia_park
31,1,2,omnia_park
31,1,2,omnia_park
31,1,2,omnia_park
31,1,2,omnia_park
31,1,2,omnia_park
31,1,2,omnia_park
31,1,2,omnia_park
31,1,2,omnia_park
31,1,2,omnia_park
31,1,2,omnia_park
31,1,2,omnia_park
31,1,2,omnia_park
31,1,2,omnia_park
31,1,2,omnia_park
31,1,2,omnia_park
31,1,2,omnia_park
31,1,2,omnia_park
31,1,2,omnia_park
31,1,2,omnia_park
31,1,2,omnia_park
31,1,2,omnia_park
31,1,2,omnia_park
31,1,2,omnia_park
31,1,2,omnia_park
31,1,2,omnia_park
31,1,2,omnia_park
31,1,2,omnia_park
31,1,2,omnia_park
31,1,2,omnia_park
31,1,2,omnia_park
31,1,2,omnia_park
31,1,2,omnia_park
31,1,2,omnia_park
32,1,0,omnia_park
32,1,0,omnia_park
32,1,0,omnia_park
32,1,0,omnia_park
32,1,0,omnia_park
32,1,0,omnia_park
32,1,0,omnia_park
32,1,0,omnia_park
32,1,0,omnia_park
32,1,0,omnia_park
32,1,0,omnia_park
32,1,0,omnia_park
32,1,0,omnia_park
32,1,0,omnia_park
32,1,0,omnia_park
32,1,0,omnia_park
32,1,0,omnia_park
32,1,0,omnia_park
32,1,0,omnia_park
32,1,0,omnia_park
32,1,0,omnia_park
32,1,0,omnia_park
32,1,0,omnia_park
32,1,0,omnia_park
32,1,0,omnia_park
32,1,0,omnia_park
32,1,0,omnia_park
32,1,0,omnia_park
32,1,0,omnia_park
32,1,0,omnia_park
32,1,0,omnia_park
32,1,0,omnia_park
32,1,0,omnia_park
32,1,0,omnia_park
32,1,0,omnia_park
32,1,0,omnia_park
32,1,0,omnia_park
32,1,0,omnia_park
32,1,0,omnia_park
32,1,0,omnia_park
32,1,0,omnia_park
32,1,0,omnia_park
32,1,0,omnia_park
32,1,0,omnia_park
32,1,0,omnia_park
32,1,0,omnia_park
32,1,0,omnia_park
32,1,0,omnia_park
32,1,0,omnia_park
32,1,0,omnia_park
32,1,0,omnia_park
32,1,0,omnia_park
32,1,0,omnia_park
32,1,0,omnia_park
32,1,0,omnia_park
32,1,0,omnia_park
32,1,0,omnia_park
32,1,0,omnia_park
32,1,0,omnia_park
32,1,0,omnia_park
32,1,0,omnia_park
32,1,0,omnia_park
32,1,1,omnia_park
32,1,1,omnia_park
32,1,1,omnia_park
32,1,1,omnia_park
32,1,1,omnia_park
32,1,1,omnia_park
32,1,1,omnia_park
32,1,1,omnia_park
32,1,1,omnia_park
32,1,1,omnia_park
32,1,1,omnia_park
32,1,1,omnia_park
32,1,1,omnia_park
32,1,1,omnia_park
32,1,1,omnia_park
32,1,1,omnia_park
32,1,1,omnia_park
32,1,1,omnia_park
32,1,1,omnia_park
32,1,1,omnia_park
32,1,1,omnia_park
32,1,1,omnia_park
32,1,1,omnia_park
32,1,1,omnia_park
32,1,1,omnia_park
32,1,1,omnia_park
32,1,1,omnia_park
32,1,1,omnia_park
32,1,1,omnia_park
32,1,1,omnia_park
32,1,1,omnia_park
32,1,1,omnia_park
32,1,1,omnia_park
32,1,1,omnia_park
32,1,1,omnia_park
32,1,1,omnia_park
32,1,1,omnia_park
32,1,1,omnia_park
32,1,1,omnia_park
32,1,1,omnia_park
32,1,1,omnia_park
32,1,1,omnia_park
32,1,1,omnia_park
32,1,1,omnia_park
32,1,1,omnia_park
32,1,1,omnia_park
32,1,1,omnia_park
32,1,1,omnia_park
32,1,1,omnia_park
32,1,1,omnia_park
32,1,1,omnia_park
32,1,1,omnia_park
32,1,1,omnia_park
32,1,1,omnia_park
32,1,2,omnia_park
32,1,2,omnia_park
32,1,2,omnia_park
32,1,2,omnia_park
32,1,2,omnia_park
32,1,2,omnia_park
32,1,2,omnia_park
32,1,2,omnia_park
32,1,2,omnia_park
32,1,2,omnia_park
32,1,2,omnia_park
32,1,2,omnia_park
32,1,2,omnia_park
32,1,2,omnia_park
32,1,2,omnia_park
32,1,2,omnia_park
32,1,2,omnia_park
32,1,2,omnia_park
32,1,2,omnia_park
32,1,2,omnia_park
32,1,2,omnia_park
32,1,2,omnia_park
32,1,2,omnia_park
32,1,2,omnia_park
32,1,2,omnia_park
32,1,2,omnia_park
32,1,2,omnia_park
32,1,2,omnia_park
32,1,2,omnia_park
32,1,2,omnia_park
32,1,2,omnia_park
32,1,2,omnia_park
32,1,2,omnia_park
32,1,2,omnia_park
32,1,2,omnia_park
32,1,2,omnia_park
32,1,2,omnia_park
32,1,2,omnia_park
32,1,2,omnia_park
32,1,2,omnia_park
32,1,2,omnia_park
32,1,2,omnia_park
32,1,2,omnia_park
32,1,2,omnia_park
32,1,2,omnia_park
32,1,2,omnia_park
32,1,2,omnia_park
32,1,2,omnia_park
32,1,2,omnia_park
32,1,2,omnia_park
32,1,2,omnia_park
32,1,2,omnia_park
32,1,2,omnia_park
32,1,2,omnia_park
32,1,2,omnia_park
32,1,2,omnia_park
32,1,2,omnia_park
32,1,2,omnia_park
32,1,2,omnia_park
32,1,2,omnia_park
32,1,2,omnia_park
32,1,2,omnia_park
32,1,2,omnia_park
32,1,2,omnia_park
32,1,2,omnia_park
32,1,2,omnia_park
32,1,2,omnia_park
32,1,2,omnia_park
32,1,2,omnia_park
32,1,2,omnia_park
32,1,2,omnia_park
32,1,2,omnia_park
32,1,2,omnia_park
32,1,2,omnia_park
32,1,2,omnia_park
32,1,2,omnia_park
32,1,2,omnia_park
32,1,2,omnia_park
32,1,2,omnia_park
32,1,2,omnia_park
32,1,2,omnia_park
32,1,2,omnia_park
32,1,2,omnia_park
32,1,2,omnia_park
32,1,2,omnia_park
32,1,2,omnia_park
32,1,2,omnia_park
32,1,2,omnia_park
32,1,2,omnia_park
32,1,2,omnia_park
32,1,2,omnia_park
32,1,2,omnia_park
32,1,2,omnia_park
32,1,2,omnia_park
32,1,2,omnia_park
32,1,2,omnia_park
32,1,2,omnia_park
32,1,2,omnia_park
32,1,2,omnia_park
32,1,2,omnia_park
32,1,2,omnia_park
32,1,2,omnia_park
32,1,2,omnia_park
32,1,2,omnia_park
32,1,2,omnia_park
32,1,2,omnia_park
32,1,2,omnia_park
32,1,2,omnia_park
32,1,2,omnia_park
32,1,2,omnia_park
32,1,2,omnia_park
32,1,2,omnia_park
32,1,2,omnia_park
32,1,2,omnia_park
32,1,2,omnia_park
32,1,2,omnia_park
32,1,2,omnia_park
32,1,2,omnia_park
32,1,2,omnia_park
32,1,2,omnia_park
32,1,2,omnia_park
32,1,2,omnia_park
32,1,2,omnia_park
32,1,2,omnia_park
32,1,2,omnia_park
32,1,2,omnia_park
32,1,2,omnia_park
32,1,2,omnia_park
32,1,2,omnia_park
32,1,2,omnia_park
32,1,2,omnia_park
32,1,2,omnia_park
32,1,2,omnia_park
32,1,2,omnia_park
32,1,2,omnia_park
33,1,0,omnia_park
33,1,0,omnia_park
33,1,0,omnia_park
33,1,0,omnia_park
33,1,0,omnia_park
33,1,0,omnia_park
33,1,0,omnia_park
33,1,0,omnia_park
33,1,0,omnia_park
33,1,0,omnia_park
33,1,0,omnia_park
33,1,0,omnia_park
33,1,0,omnia_park
33,1,0,omnia_park
33,1,0,omnia_park
33,1,0,omnia_park
33,1,0,omnia_park
33,1,0,omnia_park
33,1,0,omnia_park
33,1,0,omnia_park
33,1,0,omnia_park
33,1,0,omnia_park
33,1,0,omnia_park
33,1,0,omnia_park
33,1,0,omnia_park
33,1,0,omnia_park
33,1,0,omnia_park
33,1,0,omnia_park
33,1,0,omnia_park
33,1,0,omnia_park
33,1,0,omnia_park
33,1,0,omnia_park
33,1,0,omnia_park
33,1,0,omnia_park
33,1,0,omnia_park
33,1,0,omnia_park
33,1,0,omnia_park
33,1,0,omnia_park
33,1,0,omnia_park
33,1,0,omnia_park
33,1,0,omnia_park
33,1,0,omnia_park
33,1,0,omnia_park
33,1,0,omnia_park
33,1,0,omnia_park
33,1,0,omnia_park
33,1,0,omnia_park
33,1,0,omnia_park
33,1,0,omnia_park
33,1,0,omnia_park
33,1,0,omnia_park
33,1,0,omnia_park
33,1,0,omnia_park
33,1,0,omnia_park
33,1,0,omnia_park
33,1,0,omnia_park
33,1,0,omnia_park
33,1,0,omnia_park
33,1,0,omnia_park
33,1,0,omnia_park
33,1,0,omnia_park
33,1,0,omnia_park
33,1,0,omnia_park
33,1,0,omnia_park
33,1,0,omnia_park
33,1,0,omnia_park
33,1,0,omnia_park
33,1,0,omnia_park
33,1,0,omnia_park
33,1,0,omnia_park
33,1,0,omnia_park
33,1,0,omnia_park
33,1,0,omnia_park
33,1,0,omnia_park
33,1,1,omnia_park
33,1,1,omnia_park
33,1,1,omnia_park
33,1,1,omnia_park
33,1,1,omnia_park
33,1,1,omnia_park
33,1,1,omnia_park
33,1,1,omnia_park
33,1,1,omnia_park
33,1,1,omnia_park
33,1,1,omnia_park
33,1,1,omnia_park
33,1,1,omnia_park
33,1,1,omnia_park
33,1,1,omnia_park
33,1,1,omnia_park
33,1,1,omnia_park
33,1,1,omnia_park
33,1,1,omnia_park
33,1,1,omnia_park
33,1,1,omnia_park
33,1,1,omnia_park
33,1,1,omnia_park
33,1,1,omnia_park
33,1,1,omnia_park
33,1,1,omnia_park
33,1,1,omnia_park
33,1,1,omnia_park
33,1,1,omnia_park
33,1,1,omnia_park
33,1,1,omnia_park
33,1,1,omnia_park
33,1,1,omnia_park
33,1,1,omnia_park
33,1,1,omnia_park
33,1,1,omnia_park
33,1,1,omnia_park
33,1,1,omnia_park
33,1,1,omnia_park
33,1,1,omnia_park
33,1,1,omnia_park
33,1,1,omnia_park
33,1,1,omnia_park
33,1,1,omnia_park
33,1,1,omnia_park
33,1,1,omnia_park
33,1,1,omnia_park
33,1,1,omnia_park
33,1,1,omnia_park
33,1,1,omnia_park
33,1,2,omnia_park
33,1,2,omnia_park
33,1,2,omnia_park
33,1,2,omnia_park
33,1,2,omnia_park
33,1,2,omnia_park
33,1,2,omnia_park
33,1,2,omnia_park
33,1,2,omnia_park
33,1,2,omnia_park
33,1,2,omnia_park
33,1,2,omnia_park
33,1,2,omnia_park
33,1,2,omnia_park
33,1,2,omnia_park
33,1,2,omnia_park
33,1,2,omnia_park
33,1,2,omnia_park
33,1,2,omnia_park
33,1,2,omnia_park
33,1,2,omnia_park
33,1,2,omnia_park
33,1,2,omnia_park
33,1,2,omnia_park
33,1,2,omnia_park
33,1,2,omnia_park
33,1,2,omnia_park
33,1,2,omnia_park
33,1,2,omnia_park
33,1,2,omnia_park
33,1,2,omnia_park
33,1,2,omnia_park
33,1,2,omnia_park
33,1,2,omnia_park
33,1,2,omnia_park
33,1,2,omnia_park
33,1,2,omnia_park
33,1,2,omnia_park
33,1,2,omnia_park
33,1,2,omnia_park
33,1,2,omnia_park
33,1,2,omnia_park
33,1,2,omnia_park
33,1,2,omnia_park
33,1,2,omnia_park
33,1,2,omnia_park
33,1,2,omnia_park
33,1,2,omnia_park
33,1,2,omnia_park
33,1,2,omnia_park
33,1,2,omnia_park
33,1,2,omnia_park
33,1,2,omnia_park
33,1,2,omnia_park
33,1,2,omnia_park
33,1,2,omnia_park
33,1,2,omnia_park
33,1,2,omnia_park
33,1,2,omnia_park
33,1,2,omnia_park
33,1,2,omnia_park
33,1,2,omnia_park
33,1,2,omnia_park
33,1,2,omnia_park
33,1,2,omnia_park
33,1,2,omnia_park
33,1,2,omnia_park
33,1,2,omnia_park
33,1,2,omnia_park
33,1,2,omnia_park
33,1,2,omnia_park
33,1,2,omnia_park
33,1,2,omnia_park
33,1,2,omnia_park
33,1,2,omnia_park
33,1,2,omnia_park
33,1,2,omnia_park
33,1,2,omnia_park
33,1,2,omnia_park
33,1,2,omnia_park
33,1,2,omnia_park
33,1,2,omnia_park
33,1,2,omnia_park
33,1,2,omnia_park
33,1,2,omnia_park
33,1,2,omnia_park
33,1,2,omnia_park
33,1,2,omnia_park
33,1,2,omnia_park
33,1,2,omnia_park
33,1,2,omnia_park
33,1,2,omnia_park
33,1,2,omnia_park
33,1,2,omnia_park
33,1,2,omnia_park
33,1,2,omnia_park
33,1,2,omnia_park
33,1,2,omnia_park
33,1,2,omnia_park
33,1,2,omnia_park
33,1,2,omnia_park
33,1,2,omnia_park
33,1,2,omnia_park
33,1,2,omnia_park
33,1,2,omnia_park
33,1,2,omnia_park
33,1,2,omnia_park
33,1,2,omnia_park
33,1,2,omnia_park
33,1,2,omnia_park
33,1,2,omnia_park
33,1,2,omnia_park
33,1,2,omnia_park
33,1,2,omnia_park
33,1,2,omnia_park
33,1,2,omnia_park
33,1,2,omnia_park
33,1,2,omnia_park
33,1,2,omnia_park
33,1,2,omnia_park
33,1,2,omnia_park
33,1,2,omnia_park
33,1,2,omnia_park
33,1,2,omnia_park
33,1,2,omnia_park
33,1,2,omnia_park
33,1,2,omnia_park
33,1,2,omnia_park
33,1,2,omnia_park
33,1,2,omnia_park
33,1,2,omnia_park
33,1,2,omnia_park
33,1,2,omnia_park
33,1,2,omnia_park
33,1,2,omnia_park
33,1,2,omnia_park
34,1,0,omnia_park
34,1,0,omnia_park
34,1,0,omnia_park
34,1,0,omnia_park
34,1,0,omnia_park
34,1,0,omnia_park
34,1,0,omnia_park
34,1,0,omnia_park
34,1,0,omnia_park
34,1,0,omnia_park
34,1,0,omnia_park
34,1,0,omnia_park
34,1,0,omnia_park
34,1,0,omnia_park
34,1,0,omnia_park
34,1,0,omnia_park
34,1,0,omnia_park
34,1,0,omnia_park
34,1,0,omnia_park
34,1,0,omnia_park
34,1,0,omnia_park
34,1,0,omnia_park
34,1,0,omnia_park
34,1,0,omnia_park
34,1,0,omnia_park
34,1,0,omnia_park
34,1,0,omnia_park
34,1,0,omnia_park
34,1,0,omnia_park
34,1,0,omnia_park
34,1,0,omnia_park
34,1,0,omnia_park
34,1,0,omnia_park
34,1,0,omnia_park
34,1,0,omnia_park
34,1,0,omnia_park
34,1,0,omnia_park
34,1,0,omnia_park
34,1,0,omnia_park
34,1,0,omnia_park
34,1,0,omnia_park
34,1,0,omnia_park
34,1,0,omnia_park
34,1,0,omnia_park
34,1,0,omnia_park
34,1,0,omnia_park
34,1,0,omnia_park
34,1,0,omnia_park
34,1,0,omnia_park
34,1,0,omnia_park
34,1,0,omnia_park
34,1,0,omnia_park
34,1,0,omnia_park
34,1,0,omnia_park
34,1,0,omnia_park
34,1,0,omnia_park
34,1,0,omnia_park
34,1,0,omnia_park
34,1,0,omnia_park
34,1,0,omnia_park
34,1,0,omnia_park
34,1,0,omnia_park
34,1,0,omnia_park
34,1,0,omnia_park
34,1,0,omnia_park
34,1,0,omnia_park
34,1,0,omnia_park
34,1,0,omnia_park
34,1,0,omnia_park
34,1,0,omnia_park
34,1,0,omnia_park
34,1,0,omnia_park
34,1,0,omnia_park
34,1,0,omnia_park
34,1,0,omnia_park
34,1,0,omnia_park
34,1,1,omnia_park
34,1,1,omnia_park
34,1,1,omnia_park
34,1,1,omnia_park
34,1,1,omnia_park
34,1,1,omnia_park
34,1,1,omnia_park
34,1,1,omnia_park
34,1,1,omnia_park
34,1,1,omnia_park
34,1,1,omnia_park
34,1,1,omnia_park
34,1,1,omnia_park
34,1,1,omnia_park
34,1,1,omnia_park
34,1,1,omnia_park
34,1,1,omnia_park
34,1,1,omnia_park
34,1,1,omnia_park
34,1,1,omnia_park
34,1,1,omnia_park
34,1,1,omnia_park
34,1,1,omnia_park
34,1,1,omnia_park
34,1,1,omnia_park
34,1,1,omnia_park
34,1,1,omnia_park
34,1,1,omnia_park
34,1,1,omnia_park
34,1,1,omnia_park
34,1,1,omnia_park
34,1,1,omnia_park
34,1,1,omnia_park
34,1,1,omnia_park
34,1,1,omnia_park
34,1,1,omnia_park
34,1,1,omnia_park
34,1,1,omnia_park
34,1,1,omnia_park
34,1,1,omnia_park
34,1,1,omnia_park
34,1,1,omnia_park
34,1,1,omnia_park
34,1,1,omnia_park
34,1,1,omnia_park
34,1,1,omnia_park
34,1,1,omnia_park
34,1,1,omnia_park
34,1,1,omnia_park
34,1,1,omnia_park
34,1,1,omnia_park
34,1,1,omnia_park
34,1,1,omnia_park
34,1,2,omnia_park
34,1,2,omnia_park
34,1,2,omnia_park
34,1,2,omnia_park
34,1,2,omnia_park
34,1,2,omnia_park
34,1,2,omnia_park
34,1,2,omnia_park
34,1,2,omnia_park
34,1,2,omnia_park
34,1,2,omnia_park
34,1,2,omnia_park
34,1,2,omnia_park
34,1,2,omnia_park
34,1,2,omnia_park
34,1,2,omnia_park
34,1,2,omnia_park
34,1,2,omnia_park
34,1,2,omnia_park
34,1,2,omnia_park
34,1,2,omnia_park
34,1,2,omnia_park
34,1,2,omnia_park
34,1,2,omnia_park
34,1,2,omnia_park
34,1,2,omnia_park
34,1,2,omnia_park
34,1,2,omnia_park
34,1,2,omnia_park
34,1,2,omnia_park
34,1,2,omnia_park
34,1,2,omnia_park
34,1,2,omnia_park
34,1,2,omnia_park
34,1,2,omnia_park
34,1,2,omnia_park
34,1,2,omnia_park
34,1,2,omnia_park
34,1,2,omnia_park
34,1,2,omnia_park
34,1,2,omnia_park
34,1,2,omnia_park
34,1,2,omnia_park
34,1,2,omnia_park
34,1,2,omnia_park
34,1,2,omnia_park
34,1,2,omnia_park
34,1,2,omnia_park
34,1,2,omnia_park
34,1,2,omnia_park
34,1,2,omnia_park
34,1,2,omnia_park
34,1,2,omnia_park
34,1,2,omnia_park
34,1,2,omnia_park
34,1,2,omnia_park
34,1,2,omnia_park
34,1,2,omnia_park
34,1,2,omnia_park
34,1,2,omnia_park
34,1,2,omnia_park
34,1,2,omnia_park
34,1,2,omnia_park
34,1,2,omnia_park
34,1,2,omnia_park
34,1,2,omnia_park
34,1,2,omnia_park
34,1,2,omnia_park
34,1,2,omnia_park
34,1,2,omnia_park
34,1,2,omnia_park
34,1,2,omnia_park
34,1,2,omnia_park
34,1,2,omnia_park
34,1,2,omnia_park
34,1,2,omnia_park
34,1,2,omnia_park
34,1,2,omnia_park
34,1,2,omnia_park
34,1,2,omnia_park
34,1,2,omnia_park
34,1,2,omnia_park
34,1,2,omnia_park
34,1,2,omnia_park
34,1,2,omnia_park
34,1,2,omnia_park
34,1,2,omnia_park
34,1,2,omnia_park
34,1,2,omnia_park
34,1,2,omnia_park
34,1,2,omnia_park
34,1,2,omnia_park
34,1,2,omnia_park
34,1,2,omnia_park
34,1,2,omnia_park
34,1,2,omnia_park
34,1,2,omnia_park
34,1,2,omnia_park
34,1,2,omnia_park
34,1,2,omnia_park
34,1,2,omnia_park
34,1,2,omnia_park
34,1,2,omnia_park
34,1,2,omnia_park
34,1,2,omnia_park
34,1,2,omnia_park
34,1,2,omnia_park
34,1,2,omnia_park
34,1,2,omnia_park
34,1,2,omnia_park
34,1,2,omnia_park
34,1,2,omnia_park
34,1,2,omnia_park
34,1,2,omnia_park
34,1,2,omnia_park
34,1,2,omnia_park
34,1,2,omnia_park
34,1,2,omnia_park
34,1,2,omnia_park
34,1,2,omnia_park
34,1,2,omnia_park
34,1,2,omnia_park
34,1,2,omnia_park
34,1,2,omnia_park
34,1,2,omnia_park
34,1,2,omnia_park
34,1,2,omnia_park
34,1,2,omnia_park
34,1,2,omnia_park
34,1,2,omnia_park
34,1,2,omnia_park
34,1,2,omnia_park
35,1,0,omnia_park
35,1,0,omnia_park
35,1,0,omnia_park
35,1,0,omnia_park
35,1,0,omnia_park
35,1,0,omnia_park
35,1,0,omnia_park
35,1,0,omnia_park
35,1,0,omnia_park
35,1,0,omnia_park
35,1,0,omnia_park
35,1,0,omnia_park
35,1,0,omnia_park
35,1,0,omnia_park
35,1,0,omnia_park
35,1,0,omnia_park
35,1,0,omnia_park
35,1,0,omnia_park
35,1,0,omnia_park
35,1,0,omnia_park
35,1,0,omnia_park
35,1,0,omnia_park
35,1,0,omnia_park
35,1,0,omnia_park
35,1,0,omnia_park
35,1,0,omnia_park
35,1,0,omnia_park
35,1,0,omnia_park
35,1,0,omnia_park
35,1,0,omnia_park
35,1,0,omnia_park
35,1,0,omnia_park
35,1,0,omnia_park
35,1,0,omnia_park
35,1,0,omnia_park
35,1,0,omnia_park
35,1,0,omnia_park
35,1,0,omnia_park
35,1,0,omnia_park
35,1,0,omnia_park
35,1,0,omnia_park
35,1,0,omnia_park
35,1,0,omnia_park
35,1,0,omnia_park
35,1,0,omnia_park
35,1,0,omnia_park
35,1,0,omnia_park
35,1,0,omnia_park
35,1,0,omnia_park
35,1,0,omnia_park
35,1,0,omnia_park
35,1,0,omnia_park
35,1,0,omnia_park
35,1,0,omnia_park
35,1,0,omnia_park
35,1,0,omnia_park
35,1,0,omnia_park
35,1,0,omnia_park
35,1,0,omnia_park
35,1,0,omnia_park
35,1,0,omnia_park
35,1,0,omnia_park
35,1,0,omnia_park
35,1,0,omnia_park
35,1,0,omnia_park
35,1,0,omnia_park
35,1,0,omnia_park
35,1,0,omnia_park
35,1,0,omnia_park
35,1,0,omnia_park
35,1,0,omnia_park
35,1,0,omnia_park
35,1,0,omnia_park
35,1,0,omnia_park
35,1,0,omnia_park
35,1,1,omnia_park
35,1,1,omnia_park
35,1,1,omnia_park
35,1,1,omnia_park
35,1,1,omnia_park
35,1,1,omnia_park
35,1,1,omnia_park
35,1,1,omnia_park
35,1,1,omnia_park
35,1,1,omnia_park
35,1,1,omnia_park
35,1,1,omnia_park
35,1,1,omnia_park
35,1,1,omnia_park
35,1,1,omnia_park
35,1,1,omnia_park
35,1,1,omnia_park
35,1,1,omnia_park
35,1,1,omnia_park
35,1,1,omnia_park
35,1,1,omnia_park
35,1,1,omnia_park
35,1,1,omnia_park
35,1,1,omnia_park
35,1,1,omnia_park
35,1,1,omnia_park
35,1,1,omnia_park
35,1,1,omnia_park
35,1,1,omnia_park
35,1,1,omnia_park
35,1,1,omnia_park
35,1,1,omnia_park
35,1,1,omnia_park
35,1,1,omnia_park
35,1,1,omnia_park
35,1,1,omnia_park
35,1,1,omnia_park
35,1,1,omnia_park
35,1,1,omnia_park
35,1,1,omnia_park
35,1,1,omnia_park
35,1,1,omnia_park
35,1,1,omnia_park
35,1,1,omnia_park
35,1,1,omnia_park
35,1,1,omnia_park
35,1,1,omnia_park
35,1,1,omnia_park
35,1,1,omnia_park
35,1,1,omnia_park
35,1,1,omnia_park
35,1,1,omnia_park
35,1,1,omnia_park
35,1,1,omnia_park
35,1,1,omnia_park
35,1,2,omnia_park
35,1,2,omnia_park
35,1,2,omnia_park
35,1,2,omnia_park
35,1,2,omnia_park
35,1,2,omnia_park
35,1,2,omnia_park
35,1,2,omnia_park
35,1,2,omnia_park
35,1,2,omnia_park
35,1,2,omnia_park
35,1,2,omnia_park
35,1,2,omnia_park
35,1,2,omnia_park
35,1,2,omnia_park
35,1,2,omnia_park
35,1,2,omnia_park
35,1,2,omnia_park
35,1,2,omnia_park
35,1,2,omnia_park
35,1,2,omnia_park
35,1,2,omnia_park
35,1,2,omnia_park
35,1,2,omnia_park
35,1,2,omnia_park
35,1,2,omnia_park
35,1,2,omnia_park
35,1,2,omnia_park
35,1,2,omnia_park
35,1,2,omnia_park
35,1,2,omnia_park
35,1,2,omnia_park
35,1,2,omnia_park
35,1,2,omnia_park
35,1,2,omnia_park
35,1,2,omnia_park
35,1,2,omnia_park
35,1,2,omnia_park
35,1,2,omnia_park
35,1,2,omnia_park
35,1,2,omnia_park
35,1,2,omnia_park
35,1,2,omnia_park
35,1,2,omnia_park
35,1,2,omnia_park
35,1,2,omnia_park
35,1,2,omnia_park
35,1,2,omnia_park
35,1,2,omnia_park
35,1,2,omnia_park
35,1,2,omnia_park
35,1,2,omnia_park
35,1,2,omnia_park
35,1,2,omnia_park
35,1,2,omnia_park
35,1,2,omnia_park
35,1,2,omnia_park
35,1,2,omnia_park
35,1,2,omnia_park
35,1,2,omnia_park
35,1,2,omnia_park
35,1,2,omnia_park
35,1,2,omnia_park
35,1,2,omnia_park
35,1,2,omnia_park
35,1,2,omnia_park
35,1,2,omnia_park
35,1,2,omnia_park
35,1,2,omnia_park
35,1,2,omnia_park
35,1,2,omnia_park
35,1,2,omnia_park
35,1,2,omnia_park
35,1,2,omnia_park
35,1,2,omnia_park
35,1,2,omnia_park
35,1,2,omnia_park
35,1,2,omnia_park
35,1,2,omnia_park
35,1,2,omnia_park
35,1,2,omnia_park
35,1,2,omnia_park
35,1,2,omnia_park
35,1,2,omnia_park
35,1,2,omnia_park
35,1,2,omnia_park
35,1,2,omnia_park
35,1,2,omnia_park
35,1,2,omnia_park
35,1,2,omnia_park
35,1,2,omnia_park
35,1,2,omnia_park
35,1,2,omnia_park
35,1,2,omnia_park
35,1,2,omnia_park
35,1,2,omnia_park
35,1,2,omnia_park
35,1,2,omnia_park
35,1,2,omnia_park
35,1,2,omnia_park
35,1,2,omnia_park
35,1,2,omnia_park
35,1,2,omnia_park
35,1,2,omnia_park
35,1,2,omnia_park
35,1,2,omnia_park
35,1,2,omnia_park
35,1,2,omnia_park
35,1,2,omnia_park
35,1,2,omnia_park
35,1,2,omnia_park
35,1,2,omnia_park
35,1,2,omnia_park
35,1,2,omnia_park
35,1,2,omnia_park
35,1,2,omnia_park
35,1,2,omnia_park
35,1,2,omnia_park
35,1,2,omnia_park
35,1,2,omnia_park
35,1,2,omnia_park
35,1,2,omnia_park
35,1,2,omnia_park
35,1,2,omnia_park
35,1,2,omnia_park
35,1,2,omnia_park
35,1,2,omnia_park
35,1,2,omnia_park
35,1,2,omnia_park
35,1,2,omnia_park
35,1,2,omnia_park
36,1,0,omnia_park
36,1,0,omnia_park
36,1,0,omnia_park
36,1,0,omnia_park
36,1,0,omnia_park
36,1,0,omnia_park
36,1,0,omnia_park
36,1,0,omnia_park
36,1,0,omnia_park
36,1,0,omnia_park
36,1,0,omnia_park
36,1,0,omnia_park
36,1,0,omnia_park
36,1,0,omnia_park
36,1,0,omnia_park
36,1,0,omnia_park
36,1,0,omnia_park
36,1,0,omnia_park
36,1,0,omnia_park
36,1,0,omnia_park
36,1,0,omnia_park
36,1,0,omnia_park
36,1,0,omnia_park
36,1,0,omnia_park
36,1,0,omnia_park
36,1,0,omnia_park
36,1,0,omnia_park
36,1,0,omnia_park
36,1,0,omnia_park
36,1,0,omnia_park
36,1,0,omnia_park
36,1,0,omnia_park
36,1,0,omnia_park
36,1,0,omnia_park
36,1,0,omnia_park
36,1,0,omnia_park
36,1,0,omnia_park
36,1,0,omnia_park
36,1,0,omnia_park
36,1,0,omnia_park
36,1,0,omnia_park
36,1,0,omnia_park
36,1,0,omnia_park
36,1,0,omnia_park
36,1,0,omnia_park
36,1,0,omnia_park
36,1,0,omnia_park
36,1,0,omnia_park
36,1,0,omnia_park
36,1,0,omnia_park
36,1,0,omnia_park
36,1,0,omnia_park
36,1,0,omnia_park
36,1,0,omnia_park
36,1,0,omnia_park
36,1,0,omnia_park
36,1,0,omnia_park
36,1,0,omnia_park
36,1,0,omnia_park
36,1,0,omnia_park
36,1,0,omnia_park
36,1,0,omnia_park
36,1,0,omnia_park
36,1,0,omnia_park
36,1,0,omnia_park
36,1,0,omnia_park
36,1,0,omnia_park
36,1,0,omnia_park
36,1,0,omnia_park
36,1,0,omnia_park
36,1,0,omnia_park
36,1,0,omnia_park
36,1,0,omnia_park
36,1,0,omnia_park
36,1,0,omnia_park
36,1,0,omnia_park
36,1,0,omnia_park
36,1,0,omnia_park
36,1,0,omnia_park
36,1,0,omnia_park
36,1,0,omnia_park
36,1,1,omnia_park
36,1,1,omnia_park
36,1,1,omnia_park
36,1,1,omnia_park
36,1,1,omnia_park
36,1,1,omnia_park
36,1,1,omnia_park
36,1,1,omnia_park
36,1,1,omnia_park
36,1,1,omnia_park
36,1,1,omnia_park
36,1,1,omnia_park
36,1,1,omnia_park
36,1,1,omnia_park
36,1,1,omnia_park
36,1,1,omnia_park
36,1,1,omnia_park
36,1,1,omnia_park
36,1,1,omnia_park
36,1,1,omnia_park
36,1,1,omnia_park
36,1,1,omnia_park
36,1,1,omnia_park
36,1,1,omnia_park
36,1,1,omnia_park
36,1,1,omnia_park
36,1,1,omnia_park
36,1,1,omnia_park
36,1,1,omnia_park
36,1,1,omnia_park
36,1,1,omnia_park
36,1,1,omnia_park
36,1,1,omnia_park
36,1,1,omnia_park
36,1,1,omnia_park
36,1,1,omnia_park
36,1,1,omnia_park
36,1,1,omnia_park
36,1,1,omnia_park
36,1,1,omnia_park
36,1,1,omnia_park
36,1,1,omnia_park
36,1,1,omnia_park
36,1,1,omnia_park
36,1,1,omnia_park
36,1,1,omnia_park
36,1,1,omnia_park
36,1,1,omnia_park
36,1,1,omnia_park
36,1,1,omnia_park
36,1,1,omnia_park
36,1,1,omnia_park
36,1,1,omnia_park
36,1,1,omnia_park
36,1,2,omnia_park
36,1,2,omnia_park
36,1,2,omnia_park
36,1,2,omnia_park
36,1,2,omnia_park
36,1,2,omnia_park
36,1,2,omnia_park
36,1,2,omnia_park
36,1,2,omnia_park
36,1,2,omnia_park
36,1,2,omnia_park
36,1,2,omnia_park
36,1,2,omnia_park
36,1,2,omnia_park
36,1,2,omnia_park
36,1,2,omnia_park
36,1,2,omnia_park
36,1,2,omnia_park
36,1,2,omnia_park
36,1,2,omnia_park
36,1,2,omnia_park
36,1,2,omnia_park
36,1,2,omnia_park
36,1,2,omnia_park
36,1,2,omnia_park
36,1,2,omnia_park
36,1,2,omnia_park
36,1,2,omnia_park
36,1,2,omnia_park
36,1,2,omnia_park
36,1,2,omnia_park
36,1,2,omnia_park
36,1,2,omnia_park
36,1,2,omnia_park
36,1,2,omnia_park
36,1,2,omnia_park
36,1,2,omnia_park
36,1,2,omnia_park
36,1,2,omnia_park
36,1,2,omnia_park
36,1,2,omnia_park
36,1,2,omnia_park
36,1,2,omnia_park
36,1,2,omnia_park
36,1,2,omnia_park
36,1,2,omnia_park
36,1,2,omnia_park
36,1,2,omnia_park
36,1,2,omnia_park
36,1,2,omnia_park
36,1,2,omnia_park
36,1,2,omnia_park
36,1,2,omnia_park
36,1,2,omnia_park
36,1,2,omnia_park
36,1,2,omnia_park
36,1,2,omnia_park
36,1,2,omnia_park
36,1,2,omnia_park
36,1,2,omnia_park
36,1,2,omnia_park
36,1,2,omnia_park
36,1,2,omnia_park
36,1,2,omnia_park
36,1,2,omnia_park
36,1,2,omnia_park
36,1,2,omnia_park
36,1,2,omnia_park
36,1,2,omnia_park
36,1,2,omnia_park
36,1,2,omnia_park
36,1,2,omnia_park
36,1,2,omnia_park
36,1,2,omnia_park
36,1,2,omnia_park
36,1,2,omnia_park
36,1,2,omnia_park
36,1,2,omnia_park
36,1,2,omnia_park
36,1,2,omnia_park
36,1,2,omnia_park
36,1,2,omnia_park
36,1,2,omnia_park
36,1,2,omnia_park
36,1,2,omnia_park
36,1,2,omnia_park
36,1,2,omnia_park
36,1,2,omnia_park
36,1,2,omnia_park
36,1,2,omnia_park
36,1,2,omnia_park
36,1,2,omnia_park
36,1,2,omnia_park
36,1,2,omnia_park
36,1,2,omnia_park
36,1,2,omnia_park
36,1,2,omnia_park
36,1,2,omnia_park
36,1,2,omnia_park
36,1,2,omnia_park
36,1,2,omnia_park
36,1,2,omnia_park
36,1,2,omnia_park
36,1,2,omnia_park
36,1,2,omnia_park
36,1,2,omnia_park
36,1,2,omnia_park
36,1,2,omnia_park
36,1,2,omnia_park
36,1,2,omnia_park
36,1,2,omnia_park
36,1,2,omnia_park
36,1,2,omnia_park
36,1,2,omnia_park
36,1,2,omnia_park
36,1,2,omnia_park
36,1,2,omnia_park
36,1,2,omnia_park
36,1,2,omnia_park
36,1,2,omnia_park
36,1,2,omnia_park
36,1,2,omnia_park
36,1,2,omnia_park
36,1,2,omnia_park
36,1,2,omnia_park
36,1,2,omnia_park
36,1,2,omnia_park
36,1,2,omnia_park
36,1,2,omnia_park
36,1,2,omnia_park
36,1,2,omnia_park
37,1,0,omnia_park
37,1,0,omnia_park
37,1,0,omnia_park
37,1,0,omnia_park
37,1,0,omnia_park
37,1,0,omnia_park
37,1,0,omnia_park
37,1,0,omnia_park
37,1,0,omnia_park
37,1,0,omnia_park
37,1,0,omnia_park
37,1,0,omnia_park
37,1,0,omnia_park
37,1,0,omnia_park
37,1,0,omnia_park
37,1,0,omnia_park
37,1,0,omnia_park
37,1,0,omnia_park
37,1,0,omnia_park
37,1,0,omnia_park
37,1,0,omnia_park
37,1,0,omnia_park
37,1,0,omnia_park
37,1,0,omnia_park
37,1,0,omnia_park
37,1,0,omnia_park
37,1,0,omnia_park
37,1,0,omnia_park
37,1,0,omnia_park
37,1,0,omnia_park
37,1,0,omnia_park
37,1,0,omnia_park
37,1,0,omnia_park
37,1,0,omnia_park
37,1,0,omnia_park
37,1,0,omnia_park
37,1,0,omnia_park
37,1,0,omnia_park
37,1,0,omnia_park
37,1,0,omnia_park
37,1,0,omnia_park
37,1,0,omnia_park
37,1,0,omnia_park
37,1,0,omnia_park
37,1,0,omnia_park
37,1,0,omnia_park
37,1,0,omnia_park
37,1,0,omnia_park
37,1,0,omnia_park
37,1,0,omnia_park
37,1,0,omnia_park
37,1,0,omnia_park
37,1,0,omnia_park
37,1,0,omnia_park
37,1,0,omnia_park
37,1,0,omnia_park
37,1,0,omnia_park
37,1,0,omnia_park
37,1,0,omnia_park
37,1,0,omnia_park
37,1,0,omnia_park
37,1,0,omnia_park
37,1,0,omnia_park
37,1,0,omnia_park
37,1,0,omnia_park
37,1,0,omnia_park
37,1,0,omnia_park
37,1,0,omnia_park
37,1,0,omnia_park
37,1,0,omnia_park
37,1,0,omnia_park
37,1,0,omnia_park
37,1,0,omnia_park
37,1,0,omnia_park
37,1,0,omnia_park
37,1,0,omnia_park
37,1,0,omnia_park
37,1,0,omnia_park
37,1,0,omnia_park
37,1,0,omnia_park
37,1,0,omnia_park
37,1,0,omnia_park
37,1,0,omnia_park
37,1,0,omnia_park
37,1,0,omnia_park
37,1,0,omnia_park
37,1,0,omnia_park
37,1,0,omnia_park
37,1,0,omnia_park
37,1,0,omnia_park
37,1,0,omnia_park
37,1,0,omnia_park
37,1,0,omnia_park
37,1,0,omnia_park
37,1,0,omnia_park
37,1,0,omnia_park
37,1,0,omnia_park
37,1,0,omnia_park
37,1,0,omnia_park
37,1,0,omnia_park
37,1,0,omnia_park
37,1,0,omnia_park
37,1,0,omnia_park
37,1,0,omnia_park
37,1,0,omnia_park
37,1,0,omnia_park
37,1,0,omnia_park
37,1,0,omnia_park
37,1,0,omnia_park
37,1,0,omnia_park
37,1,0,omnia_park
37,1,0,omnia_park
37,1,0,omnia_park
37,1,0,omnia_park
37,1,0,omnia_park
37,1,0,omnia_park
37,1,0,omnia_park
37,1,0,omnia_park
37,1,0,omnia_park
37,1,0,omnia_park
37,1,0,omnia_park
37,1,0,omnia_park
37,1,0,omnia_park
37,1,0,omnia_park
37,1,0,omnia_park
37,1,0,omnia_park
37,1,0,omnia_park
37,1,0,omnia_park
37,1,0,omnia_park
37,1,0,omnia_park
37,1,0,omnia_park
37,1,0,omnia_park
37,1,0,omnia_park
37,1,1,omnia_park
37,1,1,omnia_park
37,1,1,omnia_park
37,1,1,omnia_park
37,1,1,omnia_park
37,1,1,omnia_park
37,1,1,omnia_park
37,1,1,omnia_park
37,1,1,omnia_park
37,1,1,omnia_park
37,1,1,omnia_park
37,1,1,omnia_park
37,1,1,omnia_park
37,1,1,omnia_park
37,1,1,omnia_park
37,1,1,omnia_park
37,1,1,omnia_park
37,1,1,omnia_park
37,1,1,omnia_park
37,1,1,omnia_park
37,1,1,omnia_park
37,1,1,omnia_park
37,1,1,omnia_park
37,1,1,omnia_park
37,1,1,omnia_park
37,1,1,omnia_park
37,1,1,omnia_park
37,1,1,omnia_park
37,1,1,omnia_park
37,1,1,omnia_park
37,1,1,omnia_park
37,1,1,omnia_park
37,1,1,omnia_park
37,1,1,omnia_park
37,1,1,omnia_park
37,1,1,omnia_park
37,1,1,omnia_park
37,1,1,omnia_park
37,1,1,omnia_park
37,1,1,omnia_park
37,1,1,omnia_park
37,1,1,omnia_park
37,1,1,omnia_park
37,1,1,omnia_park
37,1,1,omnia_park
37,1,1,omnia_park
37,1,1,omnia_park
37,1,1,omnia_park
37,1,1,omnia_park
37,1,1,omnia_park
37,1,1,omnia_park
37,1,1,omnia_park
37,1,1,omnia_park
37,1,1,omnia_park
37,1,2,omnia_park
37,1,2,omnia_park
37,1,2,omnia_park
37,1,2,omnia_park
37,1,2,omnia_park
37,1,2,omnia_park
37,1,2,omnia_park
37,1,2,omnia_park
37,1,2,omnia_park
37,1,2,omnia_park
37,1,2,omnia_park
37,1,2,omnia_park
37,1,2,omnia_park
37,1,2,omnia_park
37,1,2,omnia_park
37,1,2,omnia_park
37,1,2,omnia_park
37,1,2,omnia_park
37,1,2,omnia_park
37,1,2,omnia_park
37,1,2,omnia_park
37,1,2,omnia_park
37,1,2,omnia_park
37,1,2,omnia_park
37,1,2,omnia_park
37,1,2,omnia_park
37,1,2,omnia_park
37,1,2,omnia_park
37,1,2,omnia_park
37,1,2,omnia_park
37,1,2,omnia_park
37,1,2,omnia_park
37,1,2,omnia_park
37,1,2,omnia_park
37,1,2,omnia_park
37,1,2,omnia_park
37,1,2,omnia_park
37,1,2,omnia_park
37,1,2,omnia_park
37,1,2,omnia_park
37,1,2,omnia_park
37,1,2,omnia_park
37,1,2,omnia_park
37,1,2,omnia_park
37,1,2,omnia_park
37,1,2,omnia_park
37,1,2,omnia_park
37,1,2,omnia_park
37,1,2,omnia_park
37,1,2,omnia_park
37,1,2,omnia_park
37,1,2,omnia_park
37,1,2,omnia_park
37,1,2,omnia_park
37,1,2,omnia_park
37,1,2,omnia_park
37,1,2,omnia_park
37,1,2,omnia_park
37,1,2,omnia_park
37,1,2,omnia_park
37,1,2,omnia_park
37,1,2,omnia_park
37,1,2,omnia_park
37,1,2,omnia_park
37,1,2,omnia_park
37,1,2,omnia_park
37,1,2,omnia_park
37,1,2,omnia_park
37,1,2,omnia_park
37,1,2,omnia_park
37,1,2,omnia_park
37,1,2,omnia_park
37,1,2,omnia_park
37,1,2,omnia_park
37,1,2,omnia_park
37,1,2,omnia_park
37,1,2,omnia_park
37,1,2,omnia_park
37,1,2,omnia_park
37,1,2,omnia_park
37,1,2,omnia_park
37,1,2,omnia_park
37,1,2,omnia_park
37,1,2,omnia_park
37,1,2,omnia_park
37,1,2,omnia_park
37,1,2,omnia_park
37,1,2,omnia_park
37,1,2,omnia_park
37,1,2,omnia_park
37,1,2,omnia_park
37,1,2,omnia_park
37,1,2,omnia_park
37,1,2,omnia_park
37,1,2,omnia_park
37,1,2,omnia_park
37,1,2,omnia_park
37,1,2,omnia_park
37,1,2,omnia_park
37,1,2,omnia_park
37,1,2,omnia_park
37,1,2,omnia_park
37,1,2,omnia_park
37,1,2,omnia_park
37,1,2,omnia_park
37,1,2,omnia_park
37,1,2,omnia_park
37,1,2,omnia_park
37,1,2,omnia_park
37,1,2,omnia_park
37,1,2,omnia_park
37,1,2,omnia_park
37,1,2,omnia_park
37,1,2,omnia_park
37,1,2,omnia_park
37,1,2,omnia_park
37,1,2,omnia_park
37,1,2,omnia_park
37,1,2,omnia_park
37,1,2,omnia_park
37,1,2,omnia_park
37,1,2,omnia_park
37,1,2,omnia_park
37,1,2,omnia_park
37,1,2,omnia_park
37,1,2,omnia_park
37,1,2,omnia_park
37,1,2,omnia_park
37,1,2,omnia_park
37,1,2,omnia_park
37,1,2,omnia_park
37,1,2,omnia_park
37,1,2,omnia_park
37,1,2,omnia_park
37,1,2,omnia_park
37,1,2,omnia_park
37,1,2,omnia_park
37,1,2,omnia_park
37,1,2,omnia_park
37,1,2,omnia_park
37,1,2,omnia_park
37,1,2,omnia_park
38,1,0,omnia_park
38,1,0,omnia_park
38,1,0,omnia_park
38,1,0,omnia_park
38,1,0,omnia_park
38,1,0,omnia_park
38,1,0,omnia_park
38,1,0,omnia_park
38,1,0,omnia_park
38,1,0,omnia_park
38,1,0,omnia_park
38,1,0,omnia_park
38,1,0,omnia_park
38,1,0,omnia_park
38,1,0,omnia_park
38,1,0,omnia_park
38,1,0,omnia_park
38,1,0,omnia_park
38,1,0,omnia_park
38,1,0,omnia_park
38,1,0,omnia_park
38,1,0,omnia_park
38,1,0,omnia_park
38,1,0,omnia_park
38,1,0,omnia_park
38,1,0,omnia_park
38,1,0,omnia_park
38,1,0,omnia_park
38,1,0,omnia_park
38,1,0,omnia_park
38,1,0,omnia_park
38,1,0,omnia_park
38,1,0,omnia_park
38,1,0,omnia_park
38,1,0,omnia_park
38,1,0,omnia_park
38,1,0,omnia_park
38,1,0,omnia_park
38,1,0,omnia_park
38,1,0,omnia_park
38,1,0,omnia_park
38,1,0,omnia_park
38,1,0,omnia_park
38,1,0,omnia_park
38,1,0,omnia_park
38,1,0,omnia_park
38,1,0,omnia_park
38,1,0,omnia_park
38,1,0,omnia_park
38,1,0,omnia_park
38,1,0,omnia_park
38,1,0,omnia_park
38,1,0,omnia_park
38,1,0,omnia_park
38,1,0,omnia_park
38,1,0,omnia_park
38,1,0,omnia_park
38,1,0,omnia_park
38,1,0,omnia_park
38,1,0,omnia_park
38,1,0,omnia_park
38,1,0,omnia_park
38,1,0,omnia_park
38,1,0,omnia_park
38,1,0,omnia_park
38,1,0,omnia_park
38,1,0,omnia_park
38,1,0,omnia_park
38,1,0,omnia_park
38,1,0,omnia_park
38,1,0,omnia_park
38,1,0,omnia_park
38,1,0,omnia_park
38,1,0,omnia_park
38,1,0,omnia_park
38,1,0,omnia_park
38,1,0,omnia_park
38,1,0,omnia_park
38,1,1,omnia_park
38,1,1,omnia_park
38,1,1,omnia_park
38,1,1,omnia_park
38,1,1,omnia_park
38,1,1,omnia_park
38,1,1,omnia_park
38,1,1,omnia_park
38,1,1,omnia_park
38,1,1,omnia_park
38,1,1,omnia_park
38,1,1,omnia_park
38,1,1,omnia_park
38,1,1,omnia_park
38,1,1,omnia_park
38,1,1,omnia_park
38,1,1,omnia_park
38,1,1,omnia_park
38,1,1,omnia_park
38,1,1,omnia_park
38,1,1,omnia_park
38,1,1,omnia_park
38,1,1,omnia_park
38,1,1,omnia_park
38,1,1,omnia_park
38,1,1,omnia_park
38,1,1,omnia_park
38,1,1,omnia_park
38,1,1,omnia_park
38,1,1,omnia_park
38,1,1,omnia_park
38,1,1,omnia_park
38,1,1,omnia_park
38,1,1,omnia_park
38,1,1,omnia_park
38,1,1,omnia_park
38,1,1,omnia_park
38,1,1,omnia_park
38,1,1,omnia_park
38,1,1,omnia_park
38,1,1,omnia_park
38,1,1,omnia_park
38,1,1,omnia_park
38,1,1,omnia_park
38,1,1,omnia_park
38,1,1,omnia_park
38,1,1,omnia_park
38,1,1,omnia_park
38,1,1,omnia_park
38,1,1,omnia_park
38,1,1,omnia_park
38,1,1,omnia_park
38,1,1,omnia_park
38,1,2,omnia_park
38,1,2,omnia_park
38,1,2,omnia_park
38,1,2,omnia_park
38,1,2,omnia_park
38,1,2,omnia_park
38,1,2,omnia_park
38,1,2,omnia_park
38,1,2,omnia_park
38,1,2,omnia_park
38,1,2,omnia_park
38,1,2,omnia_park
38,1,2,omnia_park
38,1,2,omnia_park
38,1,2,omnia_park
38,1,2,omnia_park
38,1,2,omnia_park
38,1,2,omnia_park
38,1,2,omnia_park
38,1,2,omnia_park
38,1,2,omnia_park
38,1,2,omnia_park
38,1,2,omnia_park
38,1,2,omnia_park
38,1,2,omnia_park
38,1,2,omnia_park
38,1,2,omnia_park
38,1,2,omnia_park
38,1,2,omnia_park
38,1,2,omnia_park
38,1,2,omnia_park
38,1,2,omnia_park
38,1,2,omnia_park
38,1,2,omnia_park
38,1,2,omnia_park
38,1,2,omnia_park
38,1,2,omnia_park
38,1,2,omnia_park
38,1,2,omnia_park
38,1,2,omnia_park
38,1,2,omnia_park
38,1,2,omnia_park
38,1,2,omnia_park
38,1,2,omnia_park
38,1,2,omnia_park
38,1,2,omnia_park
38,1,2,omnia_park
38,1,2,omnia_park
38,1,2,omnia_park
38,1,2,omnia_park
38,1,2,omnia_park
38,1,2,omnia_park
38,1,2,omnia_park
38,1,2,omnia_park
38,1,2,omnia_park
38,1,2,omnia_park
38,1,2,omnia_park
38,1,2,omnia_park
38,1,2,omnia_park
38,1,2,omnia_park
38,1,2,omnia_park
38,1,2,omnia_park
38,1,2,omnia_park
38,1,2,omnia_park
38,1,2,omnia_park
38,1,2,omnia_park
38,1,2,omnia_park
38,1,2,omnia_park
38,1,2,omnia_park
38,1,2,omnia_park
38,1,2,omnia_park
38,1,2,omnia_park
38,1,2,omnia_park
38,1,2,omnia_park
38,1,2,omnia_park
38,1,2,omnia_park
38,1,2,omnia_park
38,1,2,omnia_park
38,1,2,omnia_park
38,1,2,omnia_park
38,1,2,omnia_park
38,1,2,omnia_park
38,1,2,omnia_park
38,1,2,omnia_park
38,1,2,omnia_park
38,1,2,omnia_park
38,1,2,omnia_park
38,1,2,omnia_park
38,1,2,omnia_park
38,1,2,omnia_park
38,1,2,omnia_park
38,1,2,omnia_park
38,1,2,omnia_park
38,1,2,omnia_park
38,1,2,omnia_park
38,1,2,omnia_park
38,1,2,omnia_park
38,1,2,omnia_park
38,1,2,omnia_park
38,1,2,omnia_park
38,1,2,omnia_park
38,1,2,omnia_park
38,1,2,omnia_park
38,1,2,omnia_park
38,1,2,omnia_park
38,1,2,omnia_park
38,1,2,omnia_park
38,1,2,omnia_park
38,1,2,omnia_park
38,1,2,omnia_park
38,1,2,omnia_park
38,1,2,omnia_park
38,1,2,omnia_park
38,1,2,omnia_park
38,1,2,omnia_park
38,1,2,omnia_park
38,1,2,omnia_park
38,1,2,omnia_park
38,1,2,omnia_park
38,1,2,omnia_park
38,1,2,omnia_park
38,1,2,omnia_park
38,1,2,omnia_park
38,1,2,omnia_park
38,1,2,omnia_park
38,1,2,omnia_park
38,1,2,omnia_park
38,1,2,omnia_park
38,1,2,omnia_park
38,1,2,omnia_park
39,1,0,omnia_park
39,1,0,omnia_park
39,1,0,omnia_park
39,1,0,omnia_park
39,1,0,omnia_park
39,1,0,omnia_park
39,1,0,omnia_park
39,1,0,omnia_park
39,1,0,omnia_park
39,1,0,omnia_park
39,1,0,omnia_park
39,1,0,omnia_park
39,1,0,omnia_park
39,1,0,omnia_park
39,1,0,omnia_park
39,1,0,omnia_park
39,1,0,omnia_park
39,1,0,omnia_park
39,1,0,omnia_park
39,1,0,omnia_park
39,1,0,omnia_park
39,1,0,omnia_park
39,1,0,omnia_park
39,1,0,omnia_park
39,1,0,omnia_park
39,1,0,omnia_park
39,1,0,omnia_park
39,1,0,omnia_park
39,1,0,omnia_park
39,1,0,omnia_park
39,1,0,omnia_park
39,1,0,omnia_park
39,1,0,omnia_park
39,1,0,omnia_park
39,1,0,omnia_park
39,1,0,omnia_park
39,1,0,omnia_park
39,1,0,omnia_park
39,1,0,omnia_park
39,1,0,omnia_park
39,1,0,omnia_park
39,1,0,omnia_park
39,1,0,omnia_park
39,1,0,omnia_park
39,1,0,omnia_park
39,1,0,omnia_park
39,1,0,omnia_park
39,1,0,omnia_park
39,1,0,omnia_park
39,1,0,omnia_park
39,1,0,omnia_park
39,1,0,omnia_park
39,1,0,omnia_park
39,1,0,omnia_park
39,1,0,omnia_park
39,1,0,omnia_park
39,1,0,omnia_park
39,1,0,omnia_park
39,1,0,omnia_park
39,1,0,omnia_park
39,1,0,omnia_park
39,1,0,omnia_park
39,1,0,omnia_park
39,1,0,omnia_park
39,1,0,omnia_park
39,1,0,omnia_park
39,1,0,omnia_park
39,1,0,omnia_park
39,1,0,omnia_park
39,1,0,omnia_park
39,1,0,omnia_park
39,1,0,omnia_park
39,1,0,omnia_park
39,1,0,omnia_park
39,1,0,omnia_park
39,1,0,omnia_park
39,1,0,omnia_park
39,1,0,omnia_park
39,1,0,omnia_park
39,1,0,omnia_park
39,1,0,omnia_park
39,1,0,omnia_park
39,1,0,omnia_park
39,1,0,omnia_park
39,1,0,omnia_park
39,1,0,omnia_park
39,1,1,omnia_park
39,1,1,omnia_park
39,1,1,omnia_park
39,1,1,omnia_park
39,1,1,omnia_park
39,1,1,omnia_park
39,1,1,omnia_park
39,1,1,omnia_park
39,1,1,omnia_park
39,1,1,omnia_park
39,1,1,omnia_park
39,1,1,omnia_park
39,1,1,omnia_park
39,1,1,omnia_park
39,1,1,omnia_park
39,1,1,omnia_park
39,1,1,omnia_park
39,1,1,omnia_park
39,1,1,omnia_park
39,1,1,omnia_park
39,1,1,omnia_park
39,1,1,omnia_park
39,1,1,omnia_park
39,1,1,omnia_park
39,1,1,omnia_park
39,1,1,omnia_park
39,1,1,omnia_park
39,1,1,omnia_park
39,1,1,omnia_park
39,1,1,omnia_park
39,1,1,omnia_park
39,1,1,omnia_park
39,1,1,omnia_park
39,1,1,omnia_park
39,1,1,omnia_park
39,1,1,omnia_park
39,1,1,omnia_park
39,1,1,omnia_park
39,1,1,omnia_park
39,1,1,omnia_park
39,1,1,omnia_park
39,1,1,omnia_park
39,1,1,omnia_park
39,1,1,omnia_park
39,1,1,omnia_park
39,1,1,omnia_park
39,1,1,omnia_park
39,1,1,omnia_park
39,1,1,omnia_park
39,1,1,omnia_park
39,1,1,omnia_park
39,1,1,omnia_park
39,1,1,omnia_park
39,1,1,omnia_park
39,1,1,omnia_park
39,1,1,omnia_park
39,1,1,omnia_park
39,1,1,omnia_park
39,1,1,omnia_park
39,1,1,omnia_park
39,1,1,omnia_park
39,1,2,omnia_park
39,1,2,omnia_park
39,1,2,omnia_park
39,1,2,omnia_park
39,1,2,omnia_park
39,1,2,omnia_park
39,1,2,omnia_park
39,1,2,omnia_park
39,1,2,omnia_park
39,1,2,omnia_park
39,1,2,omnia_park
39,1,2,omnia_park
39,1,2,omnia_park
39,1,2,omnia_park
39,1,2,omnia_park
39,1,2,omnia_park
39,1,2,omnia_park
39,1,2,omnia_park
39,1,2,omnia_park
39,1,2,omnia_park
39,1,2,omnia_park
39,1,2,omnia_park
39,1,2,omnia_park
39,1,2,omnia_park
39,1,2,omnia_park
39,1,2,omnia_park
39,1,2,omnia_park
39,1,2,omnia_park
39,1,2,omnia_park
39,1,2,omnia_park
39,1,2,omnia_park
39,1,2,omnia_park
39,1,2,omnia_park
39,1,2,omnia_park
39,1,2,omnia_park
39,1,2,omnia_park
39,1,2,omnia_park
39,1,2,omnia_park
39,1,2,omnia_park
39,1,2,omnia_park
39,1,2,omnia_park
39,1,2,omnia_park
39,1,2,omnia_park
39,1,2,omnia_park
39,1,2,omnia_park
39,1,2,omnia_park
39,1,2,omnia_park
39,1,2,omnia_park
39,1,2,omnia_park
39,1,2,omnia_park
39,1,2,omnia_park
39,1,2,omnia_park
39,1,2,omnia_park
39,1,2,omnia_park
39,1,2,omnia_park
39,1,2,omnia_park
39,1,2,omnia_park
39,1,2,omnia_park
39,1,2,omnia_park
39,1,2,omnia_park
39,1,2,omnia_park
39,1,2,omnia_park
39,1,2,omnia_park
39,1,2,omnia_park
39,1,2,omnia_park
39,1,2,omnia_park
39,1,2,omnia_park
39,1,2,omnia_park
39,1,2,omnia_park
39,1,2,omnia_park
39,1,2,omnia_park
39,1,2,omnia_park
39,1,2,omnia_park
39,1,2,omnia_park
39,1,2,omnia_park
39,1,2,omnia_park
39,1,2,omnia_park
39,1,2,omnia_park
39,1,2,omnia_park
39,1,2,omnia_park
39,1,2,omnia_park
39,1,2,omnia_park
39,1,2,omnia_park
39,1,2,omnia_park
39,1,2,omnia_park
39,1,2,omnia_park
39,1,2,omnia_park
39,1,2,omnia_park
39,1,2,omnia_park
39,1,2,omnia_park
39,1,2,omnia_park
39,1,2,omnia_park
39,1,2,omnia_park
39,1,2,omnia_park
39,1,2,omnia_park
39,1,2,omnia_park
39,1,2,omnia_park
39,1,2,omnia_park
39,1,2,omnia_park
39,1,2,omnia_park
39,1,2,omnia_park
39,1,2,omnia_park
39,1,2,omnia_park
39,1,2,omnia_park
39,1,2,omnia_park
39,1,2,omnia_park
39,1,2,omnia_park
39,1,2,omnia_park
39,1,2,omnia_park
39,1,2,omnia_park
39,1,2,omnia_park
39,1,2,omnia_park
39,1,2,omnia_park
39,1,2,omnia_park
39,1,2,omnia_park
39,1,2,omnia_park
39,1,2,omnia_park
39,1,2,omnia_park
39,1,2,omnia_park
39,1,2,omnia_park
39,1,2,omnia_park
39,1,2,omnia_park
39,1,2,omnia_park
39,1,2,omnia_park
39,1,2,omnia_park
39,1,2,omnia_park
39,1,2,omnia_park
39,1,2,omnia_park
39,1,2,omnia_park
39,1,2,omnia_park
39,1,2,omnia_park
39,1,2,omnia_park
39,1,2,omnia_park
39,1,2,omnia_park
40,1,0,omnia_park
40,1,0,omnia_park
40,1,0,omnia_park
40,1,0,omnia_park
40,1,0,omnia_park
40,1,0,omnia_park
40,1,0,omnia_park
40,1,0,omnia_park
40,1,0,omnia_park
40,1,0,omnia_park
40,1,0,omnia_park
40,1,0,omnia_park
40,1,0,omnia_park
40,1,0,omnia_park
40,1,0,omnia_park
40,1,0,omnia_park
40,1,0,omnia_park
40,1,0,omnia_park
40,1,0,omnia_park
40,1,0,omnia_park
40,1,0,omnia_park
40,1,0,omnia_park
40,1,0,omnia_park
40,1,0,omnia_park
40,1,0,omnia_park
40,1,0,omnia_park
40,1,0,omnia_park
40,1,0,omnia_park
40,1,0,omnia_park
40,1,0,omnia_park
40,1,0,omnia_park
40,1,0,omnia_park
40,1,0,omnia_park
40,1,0,omnia_park
40,1,0,omnia_park
40,1,0,omnia_park
40,1,0,omnia_park
40,1,0,omnia_park
40,1,0,omnia_park
40,1,0,omnia_park
40,1,0,omnia_park
40,1,0,omnia_park
40,1,0,omnia_park
40,1,0,omnia_park
40,1,0,omnia_park
40,1,0,omnia_park
40,1,0,omnia_park
40,1,0,omnia_park
40,1,0,omnia_park
40,1,0,omnia_park
40,1,0,omnia_park
40,1,0,omnia_park
40,1,0,omnia_park
40,1,0,omnia_park
40,1,0,omnia_park
40,1,0,omnia_park
40,1,0,omnia_park
40,1,0,omnia_park
40,1,0,omnia_park
40,1,0,omnia_park
40,1,0,omnia_park
40,1,0,omnia_park
40,1,0,omnia_park
40,1,0,omnia_park
40,1,0,omnia_park
40,1,0,omnia_park
40,1,0,omnia_park
40,1,0,omnia_park
40,1,0,omnia_park
40,1,0,omnia_park
40,1,0,omnia_park
40,1,0,omnia_park
40,1,0,omnia_park
40,1,0,omnia_park
40,1,0,omnia_park
40,1,0,omnia_park
40,1,0,omnia_park
40,1,0,omnia_park
40,1,0,omnia_park
40,1,1,omnia_park
40,1,1,omnia_park
40,1,1,omnia_park
40,1,1,omnia_park
40,1,1,omnia_park
40,1,1,omnia_park
40,1,1,omnia_park
40,1,1,omnia_park
40,1,1,omnia_park
40,1,1,omnia_park
40,1,1,omnia_park
40,1,1,omnia_park
40,1,1,omnia_park
40,1,1,omnia_park
40,1,1,omnia_park
40,1,1,omnia_park
40,1,1,omnia_park
40,1,1,omnia_park
40,1,1,omnia_park
40,1,1,omnia_park
40,1,1,omnia_park
40,1,1,omnia_park
40,1,1,omnia_park
40,1,1,omnia_park
40,1,1,omnia_park
40,1,1,omnia_park
40,1,1,omnia_park
40,1,1,omnia_park
40,1,1,omnia_park
40,1,1,omnia_park
40,1,1,omnia_park
40,1,1,omnia_park
40,1,1,omnia_park
40,1,1,omnia_park
40,1,1,omnia_park
40,1,1,omnia_park
40,1,1,omnia_park
40,1,1,omnia_park
40,1,1,omnia_park
40,1,1,omnia_park
40,1,1,omnia_park
40,1,1,omnia_park
40,1,1,omnia_park
40,1,1,omnia_park
40,1,1,omnia_park
40,1,1,omnia_park
40,1,1,omnia_park
40,1,1,omnia_park
40,1,1,omnia_park
40,1,1,omnia_park
40,1,1,omnia_park
40,1,1,omnia_park
40,1,1,omnia_park
40,1,1,omnia_park
40,1,2,omnia_park
40,1,2,omnia_park
40,1,2,omnia_park
40,1,2,omnia_park
40,1,2,omnia_park
40,1,2,omnia_park
40,1,2,omnia_park
40,1,2,omnia_park
40,1,2,omnia_park
40,1,2,omnia_park
40,1,2,omnia_park
40,1,2,omnia_park
40,1,2,omnia_park
40,1,2,omnia_park
40,1,2,omnia_park
40,1,2,omnia_park
40,1,2,omnia_park
40,1,2,omnia_park
40,1,2,omnia_park
40,1,2,omnia_park
40,1,2,omnia_park
40,1,2,omnia_park
40,1,2,omnia_park
40,1,2,omnia_park
40,1,2,omnia_park
40,1,2,omnia_park
40,1,2,omnia_park
40,1,2,omnia_park
40,1,2,omnia_park
40,1,2,omnia_park
40,1,2,omnia_park
40,1,2,omnia_park
40,1,2,omnia_park
40,1,2,omnia_park
40,1,2,omnia_park
40,1,2,omnia_park
40,1,2,omnia_park
40,1,2,omnia_park
40,1,2,omnia_park
40,1,2,omnia_park
40,1,2,omnia_park
40,1,2,omnia_park
40,1,2,omnia_park
40,1,2,omnia_park
40,1,2,omnia_park
40,1,2,omnia_park
40,1,2,omnia_park
40,1,2,omnia_park
40,1,2,omnia_park
40,1,2,omnia_park
40,1,2,omnia_park
40,1,2,omnia_park
40,1,2,omnia_park
40,1,2,omnia_park
40,1,2,omnia_park
40,1,2,omnia_park
40,1,2,omnia_park
40,1,2,omnia_park
40,1,2,omnia_park
40,1,2,omnia_park
40,1,2,omnia_park
40,1,2,omnia_park
40,1,2,omnia_park
40,1,2,omnia_park
40,1,2,omnia_park
40,1,2,omnia_park
40,1,2,omnia_park
40,1,2,omnia_park
40,1,2,omnia_park
40,1,2,omnia_park
40,1,2,omnia_park
40,1,2,omnia_park
40,1,2,omnia_park
40,1,2,omnia_park
40,1,2,omnia_park
40,1,2,omnia_park
40,1,2,omnia_park
40,1,2,omnia_park
40,1,2,omnia_park
40,1,2,omnia_park
40,1,2,omnia_park
40,1,2,omnia_park
40,1,2,omnia_park
40,1,2,omnia_park
40,1,2,omnia_park
40,1,2,omnia_park
40,1,2,omnia_park
40,1,2,omnia_park
40,1,2,omnia_park
40,1,2,omnia_park
40,1,2,omnia_park
40,1,2,omnia_park
40,1,2,omnia_park
40,1,2,omnia_park
40,1,2,omnia_park
40,1,2,omnia_park
40,1,2,omnia_park
40,1,2,omnia_park
40,1,2,omnia_park
40,1,2,omnia_park
40,1,2,omnia_park
40,1,2,omnia_park
40,1,2,omnia_park
40,1,2,omnia_park
40,1,2,omnia_park
40,1,2,omnia_park
40,1,2,omnia_park
40,1,2,omnia_park
40,1,2,omnia_park
40,1,2,omnia_park
40,1,2,omnia_park
40,1,2,omnia_park
40,1,2,omnia_park
40,1,2,omnia_park
40,1,2,omnia_park
40,1,2,omnia_park
40,1,2,omnia_park
40,1,2,omnia_park
40,1,2,omnia_park
40,1,2,omnia_park
40,1,2,omnia_park
40,1,2,omnia_park
40,1,2,omnia_park
40,1,2,omnia_park
40,1,2,omnia_park
40,1,2,omnia_park
40,1,2,omnia_park
40,1,2,omnia_park
40,1,2,omnia_park
40,1,2,omnia_park
40,1,2,omnia_park
40,1,2,omnia_park
40,1,2,omnia_park
41,1,0,omnia_park
41,1,0,omnia_park
41,1,0,omnia_park
41,1,0,omnia_park
41,1,0,omnia_park
41,1,0,omnia_park
41,1,0,omnia_park
41,1,0,omnia_park
41,1,0,omnia_park
41,1,0,omnia_park
41,1,0,omnia_park
41,1,0,omnia_park
41,1,0,omnia_park
41,1,0,omnia_park
41,1,0,omnia_park
41,1,0,omnia_park
41,1,0,omnia_park
41,1,0,omnia_park
41,1,0,omnia_park
41,1,0,omnia_park
41,1,0,omnia_park
41,1,0,omnia_park
41,1,0,omnia_park
41,1,0,omnia_park
41,1,0,omnia_park
41,1,0,omnia_park
41,1,0,omnia_park
41,1,0,omnia_park
41,1,0,omnia_park
41,1,0,omnia_park
41,1,0,omnia_park
41,1,0,omnia_park
41,1,0,omnia_park
41,1,0,omnia_park
41,1,0,omnia_park
41,1,0,omnia_park
41,1,0,omnia_park
41,1,0,omnia_park
41,1,0,omnia_park
41,1,0,omnia_park
41,1,0,omnia_park
41,1,0,omnia_park
41,1,0,omnia_park
41,1,0,omnia_park
41,1,0,omnia_park
41,1,0,omnia_park
41,1,0,omnia_park
41,1,0,omnia_park
41,1,0,omnia_park
41,1,0,omnia_park
41,1,0,omnia_park
41,1,0,omnia_park
41,1,0,omnia_park
41,1,0,omnia_park
41,1,0,omnia_park
41,1,0,omnia_park
41,1,0,omnia_park
41,1,0,omnia_park
41,1,0,omnia_park
41,1,0,omnia_park
41,1,0,omnia_park
41,1,0,omnia_park
41,1,0,omnia_park
41,1,0,omnia_park
41,1,0,omnia_park
41,1,0,omnia_park
41,1,0,omnia_park
41,1,0,omnia_park
41,1,0,omnia_park
41,1,0,omnia_park
41,1,0,omnia_park
41,1,0,omnia_park
41,1,0,omnia_park
41,1,0,omnia_park
41,1,0,omnia_park
41,1,0,omnia_park
41,1,0,omnia_park
41,1,0,omnia_park
41,1,0,omnia_park
41,1,0,omnia_park
41,1,1,omnia_park
41,1,1,omnia_park
41,1,1,omnia_park
41,1,1,omnia_park
41,1,1,omnia_park
41,1,1,omnia_park
41,1,1,omnia_park
41,1,1,omnia_park
41,1,1,omnia_park
41,1,1,omnia_park
41,1,1,omnia_park
41,1,1,omnia_park
41,1,1,omnia_park
41,1,1,omnia_park
41,1,1,omnia_park
41,1,1,omnia_park
41,1,1,omnia_park
41,1,1,omnia_park
41,1,1,omnia_park
41,1,1,omnia_park
41,1,1,omnia_park
41,1,1,omnia_park
41,1,1,omnia_park
41,1,1,omnia_park
41,1,1,omnia_park
41,1,1,omnia_park
41,1,1,omnia_park
41,1,1,omnia_park
41,1,1,omnia_park
41,1,1,omnia_park
41,1,1,omnia_park
41,1,1,omnia_park
41,1,1,omnia_park
41,1,1,omnia_park
41,1,1,omnia_park
41,1,1,omnia_park
41,1,1,omnia_park
41,1,1,omnia_park
41,1,1,omnia_park
41,1,1,omnia_park
41,1,1,omnia_park
41,1,1,omnia_park
41,1,1,omnia_park
41,1,1,omnia_park
41,1,1,omnia_park
41,1,1,omnia_park
41,1,1,omnia_park
41,1,1,omnia_park
41,1,1,omnia_park
41,1,1,omnia_park
41,1,1,omnia_park
41,1,1,omnia_park
41,1,1,omnia_park
41,1,2,omnia_park
41,1,2,omnia_park
41,1,2,omnia_park
41,1,2,omnia_park
41,1,2,omnia_park
41,1,2,omnia_park
41,1,2,omnia_park
41,1,2,omnia_park
41,1,2,omnia_park
41,1,2,omnia_park
41,1,2,omnia_park
41,1,2,omnia_park
41,1,2,omnia_park
41,1,2,omnia_park
41,1,2,omnia_park
41,1,2,omnia_park
41,1,2,omnia_park
41,1,2,omnia_park
41,1,2,omnia_park
41,1,2,omnia_park
41,1,2,omnia_park
41,1,2,omnia_park
41,1,2,omnia_park
41,1,2,omnia_park
41,1,2,omnia_park
41,1,2,omnia_park
41,1,2,omnia_park
41,1,2,omnia_park
41,1,2,omnia_park
41,1,2,omnia_park
41,1,2,omnia_park
41,1,2,omnia_park
41,1,2,omnia_park
41,1,2,omnia_park
41,1,2,omnia_park
41,1,2,omnia_park
41,1,2,omnia_park
41,1,2,omnia_park
41,1,2,omnia_park
41,1,2,omnia_park
41,1,2,omnia_park
41,1,2,omnia_park
41,1,2,omnia_park
41,1,2,omnia_park
41,1,2,omnia_park
41,1,2,omnia_park
41,1,2,omnia_park
41,1,2,omnia_park
41,1,2,omnia_park
41,1,2,omnia_park
41,1,2,omnia_park
41,1,2,omnia_park
41,1,2,omnia_park
41,1,2,omnia_park
41,1,2,omnia_park
41,1,2,omnia_park
41,1,2,omnia_park
41,1,2,omnia_park
41,1,2,omnia_park
41,1,2,omnia_park
41,1,2,omnia_park
41,1,2,omnia_park
41,1,2,omnia_park
41,1,2,omnia_park
41,1,2,omnia_park
41,1,2,omnia_park
41,1,2,omnia_park
41,1,2,omnia_park
41,1,2,omnia_park
41,1,2,omnia_park
41,1,2,omnia_park
41,1,2,omnia_park
41,1,2,omnia_park
41,1,2,omnia_park
41,1,2,omnia_park
41,1,2,omnia_park
41,1,2,omnia_park
41,1,2,omnia_park
41,1,2,omnia_park
41,1,2,omnia_park
41,1,2,omnia_park
41,1,2,omnia_park
41,1,2,omnia_park
41,1,2,omnia_park
41,1,2,omnia_park
41,1,2,omnia_park
41,1,2,omnia_park
41,1,2,omnia_park
41,1,2,omnia_park
41,1,2,omnia_park
41,1,2,omnia_park
41,1,2,omnia_park
41,1,2,omnia_park
41,1,2,omnia_park
41,1,2,omnia_park
41,1,2,omnia_park
41,1,2,omnia_park
41,1,2,omnia_park
41,1,2,omnia_park
41,1,2,omnia_park
41,1,2,omnia_park
41,1,2,omnia_park
41,1,2,omnia_park
41,1,2,omnia_park
41,1,2,omnia_park
41,1,2,omnia_park
41,1,2,omnia_park
41,1,2,omnia_park
41,1,2,omnia_park
41,1,2,omnia_park
41,1,2,omnia_park
41,1,2,omnia_park
41,1,2,omnia_park
41,1,2,omnia_park
41,1,2,omnia_park
41,1,2,omnia_park
41,1,2,omnia_park
41,1,2,omnia_park
41,1,2,omnia_park
41,1,2,omnia_park
41,1,2,omnia_park
41,1,2,omnia_park
41,1,2,omnia_park
41,1,2,omnia_park
41,1,2,omnia_park
41,1,2,omnia_park
41,1,2,omnia_park
41,1,2,omnia_park
41,1,2,omnia_park
41,1,2,omnia_park
41,1,2,omnia_park
41,1,2,omnia_park
42,1,0,pd_phone
42,1,0,pd_phone
42,1,0,pd_phone
42,1,0,pd_phone
42,1,0,pd_phone
42,1,0,pd_phone
42,1,0,pd_phone
42,1,0,pd_phone
42,1,0,pd_phone
42,1,0,pd_phone
42,1,0,pd_phone
42,1,0,pd_phone
42,1,0,pd_phone
42,1,0,pd_phone
42,1,0,pd_phone
42,1,0,pd_phone
42,1,0,pd_phone
42,1,0,pd_phone
42,1,0,pd_phone
42,1,0,pd_phone
42,1,0,pd_phone
42,1,0,pd_phone
42,1,0,pd_phone
42,1,0,pd_phone
42,1,0,pd_phone
43,1,0,omnia_park
43,1,0,omnia_park
43,1,0,omnia_park
43,1,0,omnia_park
43,1,0,omnia_park
43,1,0,omnia_park
43,1,0,omnia_park
43,1,0,omnia_park
43,1,0,omnia_park
43,1,0,omnia_park
43,1,0,omnia_park
43,1,0,omnia_park
43,1,0,omnia_park
43,1,0,omnia_park
43,1,0,omnia_park
43,1,0,omnia_park
43,1,0,omnia_park
43,1,0,omnia_park
43,1,0,omnia_park
43,1,0,omnia_park
43,1,0,omnia_park
43,1,0,omnia_park
43,1,0,omnia_park
43,1,0,omnia_park
43,1,0,omnia_park
43,1,0,omnia_park
43,1,0,omnia_park
43,1,0,omnia_park
43,1,0,omnia_park
43,1,0,omnia_park
43,1,0,omnia_park
43,1,0,omnia_park
43,1,0,omnia_park
43,1,0,omnia_park
43,1,0,omnia_park
43,1,0,omnia_park
43,1,0,omnia_park
43,1,0,omnia_park
43,1,0,omnia_park
43,1,0,omnia_park
43,1,0,omnia_park
43,1,0,omnia_park
43,1,0,omnia_park
43,1,0,omnia_park
43,1,0,omnia_park
43,1,0,omnia_park
43,1,0,omnia_park
43,1,0,omnia_park
43,1,0,omnia_park
43,1,0,omnia_park
43,1,0,omnia_park
43,1,0,omnia_park
43,1,0,omnia_park
43,1,0,omnia_park
43,1,0,omnia_park
43,1,1,omnia_park
43,1,1,omnia_park
43,1,1,omnia_park
43,1,1,omnia_park
43,1,1,omnia_park
43,1,1,omnia_park
43,1,1,omnia_park
43,1,1,omnia_park
43,1,1,omnia_park
43,1,1,omnia_park
43,1,1,omnia_park
43,1,1,omnia_park
43,1,1,omnia_park
43,1,1,omnia_park
43,1,1,omnia_park
43,1,1,omnia_park
43,1,1,omnia_park
43,1,1,omnia_park
43,1,1,omnia_park
43,1,1,omnia_park
43,1,1,omnia_park
43,1,1,omnia_park
43,1,1,omnia_park
43,1,1,omnia_park
43,1,1,omnia_park
43,1,1,omnia_park
43,1,1,omnia_park
43,1,1,omnia_park
43,1,1,omnia_park
43,1,1,omnia_park
43,1,1,omnia_park
43,1,1,omnia_park
43,1,1,omnia_park
43,1,1,omnia_park
43,1,1,omnia_park
43,1,1,omnia_park
43,1,1,omnia_park
43,1,1,omnia_park
43,1,1,omnia_park
43,1,1,omnia_park
43,1,1,omnia_park
43,1,1,omnia_park
43,1,1,omnia_park
43,1,1,omnia_park
43,1,1,omnia_park
43,1,1,omnia_park
43,1,1,omnia_park
43,1,1,omnia_park
43,1,1,omnia_park
43,1,1,omnia_park
43,1,1,omnia_park
43,1,1,omnia_park
43,1,1,omnia_park
43,1,2,omnia_park
43,1,2,omnia_park
43,1,2,omnia_park
43,1,2,omnia_park
43,1,2,omnia_park
43,1,2,omnia_park
43,1,2,omnia_park
43,1,2,omnia_park
43,1,2,omnia_park
43,1,2,omnia_park
43,1,2,omnia_park
43,1,2,omnia_park
43,1,2,omnia_park
43,1,2,omnia_park
43,1,2,omnia_park
43,1,2,omnia_park
43,1,2,omnia_park
43,1,2,omnia_park
43,1,2,omnia_park
43,1,2,omnia_park
43,1,2,omnia_park
43,1,2,omnia_park
43,1,2,omnia_park
43,1,2,omnia_park
43,1,2,omnia_park
43,1,2,omnia_park
43,1,2,omnia_park
43,1,2,omnia_park
43,1,2,omnia_park
43,1,2,omnia_park
43,1,2,omnia_park
43,1,2,omnia_park
43,1,2,omnia_park
43,1,2,omnia_park
43,1,2,omnia_park
43,1,2,omnia_park
43,1,2,omnia_park
43,1,2,omnia_park
43,1,2,omnia_park
43,1,2,omnia_park
43,1,2,omnia_park
43,1,2,omnia_park
43,1,2,omnia_park
43,1,2,omnia_park
43,1,2,omnia_park
43,1,2,omnia_park
43,1,2,omnia_park
43,1,2,omnia_park
43,1,2,omnia_park
43,1,2,omnia_park
43,1,2,omnia_park
43,1,2,omnia_park
43,1,2,omnia_park
43,1,2,omnia_park
43,1,2,omnia_park
43,1,2,omnia_park
43,1,2,omnia_park
43,1,2,omnia_park
43,1,2,omnia_park
43,1,2,omnia_park
43,1,2,omnia_park
43,1,2,omnia_park
43,1,2,omnia_park
43,1,2,omnia_park
43,1,2,omnia_park
43,1,2,omnia_park
43,1,2,omnia_park
43,1,2,omnia_park
43,1,2,omnia_park
43,1,2,omnia_park
43,1,2,omnia_park
43,1,2,omnia_park
43,1,2,omnia_park
43,1,2,omnia_park
43,1,2,omnia_park
43,1,2,omnia_park
43,1,2,omnia_park
43,1,2,omnia_park
43,1,2,omnia_park
43,1,2,omnia_park
43,1,2,omnia_park
43,1,2,omnia_park
43,1,2,omnia_park
43,1,2,omnia_park
43,1,2,omnia_park
43,1,2,omnia_park
43,1,2,omnia_park
43,1,2,omnia_park
43,1,2,omnia_park
43,1,2,omnia_park
43,1,2,omnia_park
43,1,2,omnia_park
43,1,2,omnia_park
43,1,2,omnia_park
43,1,2,omnia_park
43,1,2,omnia_park
43,1,2,omnia_park
43,1,2,omnia_park
43,1,2,omnia_park
43,1,2,omnia_park
43,1,2,omnia_park
43,1,2,omnia_park
43,1,2,omnia_park
43,1,2,omnia_park
43,1,2,omnia_park
43,1,2,omnia_park
43,1,2,omnia_park
43,1,2,omnia_park
43,1,2,omnia_park
43,1,2,omnia_park
43,1,2,omnia_park
43,1,2,omnia_park
43,1,2,omnia_park
43,1,2,omnia_park
43,1,2,omnia_park
43,1,2,omnia_park
43,1,2,omnia_park
43,1,2,omnia_park
43,1,2,omnia_park
43,1,2,omnia_park
43,1,2,omnia_park
43,1,2,omnia_park
43,1,2,omnia_park
43,1,2,omnia_park
43,1,2,omnia_park
43,1,2,omnia_park
43,1,2,omnia_park
43,1,2,omnia_park
43,1,2,omnia_park
43,1,2,omnia_park
43,1,2,omnia_park
44,1,0,omnia_park
44,1,0,omnia_park
44,1,0,omnia_park
44,1,0,omnia_park
44,1,0,omnia_park
44,1,0,omnia_park
44,1,0,omnia_park
44,1,0,omnia_park
44,1,0,omnia_park
44,1,0,omnia_park
44,1,0,omnia_park
44,1,0,omnia_park
44,1,0,omnia_park
44,1,0,omnia_park
44,1,0,omnia_park
44,1,0,omnia_park
44,1,0,omnia_park
44,1,0,omnia_park
44,1,0,omnia_park
44,1,0,omnia_park
44,1,0,omnia_park
44,1,0,omnia_park
44,1,0,omnia_park
44,1,0,omnia_park
44,1,0,omnia_park
44,1,0,omnia_park
44,1,0,omnia_park
44,1,0,omnia_park
44,1,0,omnia_park
44,1,0,omnia_park
44,1,0,omnia_park
44,1,0,omnia_park
44,1,0,omnia_park
44,1,0,omnia_park
44,1,0,omnia_park
44,1,0,omnia_park
44,1,0,omnia_park
44,1,0,omnia_park
44,1,0,omnia_park
44,1,0,omnia_park
44,1,0,omnia_park
44,1,0,omnia_park
44,1,0,omnia_park
44,1,0,omnia_park
44,1,0,omnia_park
44,1,0,omnia_park
44,1,0,omnia_park
44,1,0,omnia_park
44,1,0,omnia_park
44,1,0,omnia_park
44,1,0,omnia_park
44,1,1,omnia_park
44,1,1,omnia_park
44,1,1,omnia_park
44,1,1,omnia_park
44,1,1,omnia_park
44,1,1,omnia_park
44,1,1,omnia_park
44,1,1,omnia_park
44,1,1,omnia_park
44,1,1,omnia_park
44,1,1,omnia_park
44,1,1,omnia_park
44,1,1,omnia_park
44,1,1,omnia_park
44,1,1,omnia_park
44,1,1,omnia_park
44,1,1,omnia_park
44,1,1,omnia_park
44,1,1,omnia_park
44,1,1,omnia_park
44,1,1,omnia_park
44,1,1,omnia_park
44,1,1,omnia_park
44,1,1,omnia_park
44,1,1,omnia_park
44,1,1,omnia_park
44,1,1,omnia_park
44,1,1,omnia_park
44,1,1,omnia_park
44,1,1,omnia_park
44,1,1,omnia_park
44,1,1,omnia_park
44,1,1,omnia_park
44,1,1,omnia_park
44,1,1,omnia_park
44,1,1,omnia_park
44,1,1,omnia_park
44,1,1,omnia_park
44,1,1,omnia_park
44,1,1,omnia_park
44,1,1,omnia_park
44,1,1,omnia_park
44,1,1,omnia_park
44,1,1,omnia_park
44,1,1,omnia_park
44,1,1,omnia_park
44,1,1,omnia_park
44,1,1,omnia_park
44,1,1,omnia_park
44,1,1,omnia_park
44,1,1,omnia_park
44,1,1,omnia_park
44,1,1,omnia_park
44,1,2,omnia_park
44,1,2,omnia_park
44,1,2,omnia_park
44,1,2,omnia_park
44,1,2,omnia_park
44,1,2,omnia_park
44,1,2,omnia_park
44,1,2,omnia_park
44,1,2,omnia_park
44,1,2,omnia_park
44,1,2,omnia_park
44,1,2,omnia_park
44,1,2,omnia_park
44,1,2,omnia_park
44,1,2,omnia_park
44,1,2,omnia_park
44,1,2,omnia_park
44,1,2,omnia_park
44,1,2,omnia_park
44,1,2,omnia_park
44,1,2,omnia_park
44,1,2,omnia_park
44,1,2,omnia_park
44,1,2,omnia_park
44,1,2,omnia_park
44,1,2,omnia_park
44,1,2,omnia_park
44,1,2,omnia_park
44,1,2,omnia_park
44,1,2,omnia_park
44,1,2,omnia_park
44,1,2,omnia_park
44,1,2,omnia_park
44,1,2,omnia_park
44,1,2,omnia_park
44,1,2,omnia_park
44,1,2,omnia_park
44,1,2,omnia_park
44,1,2,omnia_park
44,1,2,omnia_park
44,1,2,omnia_park
44,1,2,omnia_park
44,1,2,omnia_park
44,1,2,omnia_park
44,1,2,omnia_park
44,1,2,omnia_park
44,1,2,omnia_park
44,1,2,omnia_park
44,1,2,omnia_park
44,1,2,omnia_park
44,1,2,omnia_park
44,1,2,omnia_park
44,1,2,omnia_park
44,1,2,omnia_park
44,1,2,omnia_park
44,1,2,omnia_park
44,1,2,omnia_park
44,1,2,omnia_park
44,1,2,omnia_park
44,1,2,omnia_park
44,1,2,omnia_park
44,1,2,omnia_park
44,1,2,omnia_park
44,1,2,omnia_park
44,1,2,omnia_park
44,1,2,omnia_park
44,1,2,omnia_park
44,1,2,omnia_park
44,1,2,omnia_park
44,1,2,omnia_park
44,1,2,omnia_park
44,1,2,omnia_park
44,1,2,omnia_park
44,1,2,omnia_park
44,1,2,omnia_park
44,1,2,omnia_park
44,1,2,omnia_park
44,1,2,omnia_park
44,1,2,omnia_park
44,1,2,omnia_park
44,1,2,omnia_park
44,1,2,omnia_park
44,1,2,omnia_park
44,1,2,omnia_park
44,1,2,omnia_park
44,1,2,omnia_park
44,1,2,omnia_park
44,1,2,omnia_park
44,1,2,omnia_park
44,1,2,omnia_park
44,1,2,omnia_park
44,1,2,omnia_park
44,1,2,omnia_park
44,1,2,omnia_park
44,1,2,omnia_park
44,1,2,omnia_park
44,1,2,omnia_park
44,1,2,omnia_park
44,1,2,omnia_park
44,1,2,omnia_park
44,1,2,omnia_park
44,1,2,omnia_park
44,1,2,omnia_park
44,1,2,omnia_park
44,1,2,omnia_park
44,1,2,omnia_park
44,1,2,omnia_park
44,1,2,omnia_park
44,1,2,omnia_park
44,1,2,omnia_park
44,1,2,omnia_park
44,1,2,omnia_park
44,1,2,omnia_park
44,1,2,omnia_park
44,1,2,omnia_park
44,1,2,omnia_park
44,1,2,omnia_park
44,1,2,omnia_park
44,1,2,omnia_park
44,1,2,omnia_park
44,1,2,omnia_park
44,1,2,omnia_park
44,1,2,omnia_park
44,1,2,omnia_park
44,1,2,omnia_park
44,1,2,omnia_park
44,1,2,omnia_park
44,1,2,omnia_park
44,1,2,omnia_park
44,1,2,omnia_park
44,1,2,omnia_park
44,1,2,omnia_park
nls002,1,0,wearpd
nls002,1,0,wearpd
nls002,1,0,wearpd
nls002,1,0,wearpd
nls002,1,0,wearpd
nls002,1,0,wearpd
nls002,1,0,wearpd
nls002,1,0,wearpd
nls002,1,1,wearpd
nls002,1,1,wearpd
nls002,1,1,wearpd
nls002,1,1,wearpd
nls002,1,1,wearpd
nls002,1,1,wearpd
nls002,1,1,wearpd
nls002,1,2,wearpd
nls002,1,2,wearpd
nls002,1,2,wearpd
nls002,1,2,wearpd
nls002,1,2,wearpd
nls002,1,2,wearpd
nls002,1,2,wearpd
nls002,1,2,wearpd
nls002,1,2,wearpd
nls002,1,2,wearpd
nls002,1,2,wearpd
nls002,1,2,wearpd
nls002,1,2,wearpd
nls002,1,2,wearpd
nls002,1,2,wearpd
nls002,1,2,wearpd
nls002,1,2,wearpd
nls002,1,2,wearpd
nls002,1,2,wearpd
nls002,1,2,wearpd
nls002,1,2,wearpd
nls002,1,2,wearpd
nls002,1,2,wearpd
nls002,1,2,wearpd
nls002,1,2,wearpd
nls002,1,2,wearpd
nls002,1,2,wearpd
nls002,1,2,wearpd
nls005,1,0,wearpd
nls005,1,0,wearpd
nls005,1,0,wearpd
nls005,1,0,wearpd
nls005,1,0,wearpd
nls005,1,0,wearpd
nls005,1,0,wearpd
nls005,1,0,wearpd
nls005,1,0,wearpd
nls005,1,0,wearpd
nls005,1,0,wearpd
nls005,1,0,wearpd
nls005,1,1,wearpd
nls005,1,1,wearpd
nls005,1,1,wearpd
nls005,1,1,wearpd
nls005,1,1,wearpd
nls005,1,1,wearpd
nls005,1,1,wearpd
nls005,1,1,wearpd
nls005,1,1,wearpd
nls005,1,2,wearpd
nls005,1,2,wearpd
nls005,1,2,wearpd
nls005,1,2,wearpd
nls005,1,2,wearpd
nls005,1,2,wearpd
nls005,1,2,wearpd
nls005,1,2,wearpd
nls005,1,2,wearpd
nls005,1,2,wearpd
nls005,1,2,wearpd
nls005,1,2,wearpd
nls005,1,2,wearpd
nls005,1,2,wearpd
nls005,1,2,wearpd
nls005,1,2,wearpd
nls005,1,2,wearpd
nls005,1,2,wearpd
nls005,1,2,wearpd
nls005,1,2,wearpd
nls005,1,2,wearpd
nls005,1,2,wearpd
nls005,1,2,wearpd
nls005,1,2,wearpd
nls005,1,2,wearpd
nls005,1,2,wearpd
nls005,1,2,wearpd
nls005,1,2,wearpd
nls005,1,2,wearpd
nls005,1,2,wearpd
nls005,1,2,wearpd
nls005,1,2,wearpd
nls005,1,2,wearpd
nls005,1,2,wearpd
nls005,1,2,wearpd
nls022,1,0,wearpd
nls022,1,0,wearpd
nls022,1,0,wearpd
nls022,1,0,wearpd
nls022,1,0,wearpd
nls022,1,0,wearpd
nls022,1,0,wearpd
nls022,1,0,wearpd
nls022,1,1,wearpd
nls022,1,1,wearpd
nls022,1,1,wearpd
nls022,1,1,wearpd
nls022,1,1,wearpd
nls022,1,1,wearpd
nls022,1,1,wearpd
nls022,1,1,wearpd
nls022,1,2,wearpd
nls022,1,2,wearpd
nls022,1,2,wearpd
nls022,1,2,wearpd
nls022,1,2,wearpd
nls022,1,2,wearpd
nls022,1,2,wearpd
nls022,1,2,wearpd
nls022,1,2,wearpd
nls022,1,2,wearpd
nls022,1,2,wearpd
nls022,1,2,wearpd
nls022,1,2,wearpd
nls022,1,2,wearpd
nls022,1,2,wearpd
nls022,1,2,wearpd
nls022,1,2,wearpd
nls022,1,2,wearpd
nls022,1,2,wearpd
nls022,1,2,wearpd
nls022,1,2,wearpd
nls022,1,2,wearpd
nls022,1,2,wearpd
nls022,1,2,wearpd
nls022,1,2,wearpd
nls022,1,2,wearpd
nls022,1,2,wearpd
nls022,1,2,wearpd
nls022,1,2,wearpd
nls022,1,2,wearpd
nls022,1,2,wearpd
nls035,1,0,wearpd
nls035,1,0,wearpd
nls035,1,0,wearpd
nls035,1,0,wearpd
nls035,1,0,wearpd
nls035,1,0,wearpd
nls035,1,0,wearpd
nls035,1,0,wearpd
nls035,1,0,wearpd
nls035,1,1,wearpd
nls035,1,1,wearpd
nls035,1,1,wearpd
nls035,1,1,wearpd
nls035,1,1,wearpd
nls035,1,1,wearpd
nls035,1,1,wearpd
nls035,1,1,wearpd
nls035,1,1,wearpd
nls035,1,2,wearpd
nls035,1,2,wearpd
nls035,1,2,wearpd
nls035,1,2,wearpd
nls035,1,2,wearpd
nls035,1,2,wearpd
nls035,1,2,wearpd
nls035,1,2,wearpd
nls035,1,2,wearpd
nls035,1,2,wearpd
nls035,1,2,wearpd
nls035,1,2,wearpd
nls035,1,2,wearpd
nls035,1,2,wearpd
nls035,1,2,wearpd
nls035,1,2,wearpd
nls035,1,2,wearpd
nls035,1,2,wearpd
nls035,1,2,wearpd
nls035,1,2,wearpd
nls035,1,2,wearpd
nls035,1,2,wearpd
nls035,1,2,wearpd
nls035,1,2,wearpd
nls035,1,2,wearpd
nls036,1,0,wearpd
nls036,1,0,wearpd
nls036,1,0,wearpd
nls036,1,0,wearpd
nls036,1,0,wearpd
nls036,1,0,wearpd
nls036,1,0,wearpd
nls036,1,0,wearpd
nls036,1,0,wearpd
nls036,1,1,wearpd
nls036,1,1,wearpd
nls036,1,1,wearpd
nls036,1,1,wearpd
nls036,1,1,wearpd
nls036,1,1,wearpd
nls036,1,1,wearpd
nls036,1,1,wearpd
nls036,1,1,wearpd
nls036,1,2,wearpd
nls036,1,2,wearpd
nls036,1,2,wearpd
nls036,1,2,wearpd
nls036,1,2,wearpd
nls036,1,2,wearpd
nls036,1,2,wearpd
nls036,1,2,wearpd
nls036,1,2,wearpd
nls036,1,2,wearpd
nls036,1,2,wearpd
nls036,1,2,wearpd
nls036,1,2,wearpd
nls036,1,2,wearpd
nls036,1,2,wearpd
nls036,1,2,wearpd
nls036,1,2,wearpd
nls036,1,2,wearpd
nls036,1,2,wearpd
nls036,1,2,wearpd
nls036,1,2,wearpd
nls036,1,2,wearpd
nls036,1,2,wearpd
nls036,1,2,wearpd
nls036,1,2,wearpd
nls036,1,2,wearpd
nls036,1,2,wearpd
nls036,1,2,wearpd
nls036,1,2,wearpd
nls036,1,2,wearpd
nls036,1,2,wearpd
nls036,1,2,wearpd
nls036,1,2,wearpd
nls036,1,2,wearpd
nls036,1,2,wearpd
nls036,1,2,wearpd
nls036,1,2,wearpd
nls036,1,2,wearpd
nls036,1,2,wearpd
nls036,1,2,wearpd
nls036,1,2,wearpd
nls036,1,2,wearpd
nls036,1,2,wearpd
nls036,1,2,wearpd
nls036,1,2,wearpd
nls036,1,2,wearpd
nls036,1,2,wearpd
nls036,1,2,wearpd
nls056,1,0,wearpd
nls056,1,0,wearpd
nls056,1,0,wearpd
nls056,1,0,wearpd
nls056,1,0,wearpd
nls056,1,0,wearpd
nls056,1,0,wearpd
nls056,1,0,wearpd
nls056,1,0,wearpd
nls056,1,1,wearpd
nls056,1,1,wearpd
nls056,1,1,wearpd
nls056,1,1,wearpd
nls056,1,1,wearpd
nls056,1,1,wearpd
nls056,1,1,wearpd
nls056,1,1,wearpd
nls056,1,1,wearpd
nls069,1,0,wearpd
nls069,1,0,wearpd
nls069,1,0,wearpd
nls069,1,0,wearpd
nls069,1,0,wearpd
nls069,1,0,wearpd
nls069,1,0,wearpd
nls069,1,0,wearpd
nls069,1,0,wearpd
nls069,1,0,wearpd
nls069,1,1,wearpd
nls069,1,1,wearpd
nls069,1,1,wearpd
nls069,1,1,wearpd
nls069,1,1,wearpd
nls069,1,1,wearpd
nls069,1,1,wearpd
nls069,1,1,wearpd
nls069,1,1,wearpd
nls069,1,1,wearpd
nls069,1,2,wearpd
nls069,1,2,wearpd
nls069,1,2,wearpd
nls069,1,2,wearpd
nls069,1,2,wearpd
nls069,1,2,wearpd
nls069,1,2,wearpd
nls069,1,2,wearpd
nls069,1,2,wearpd
nls069,1,2,wearpd
nls069,1,2,wearpd
nls069,1,2,wearpd
nls069,1,2,wearpd
nls069,1,2,wearpd
nls069,1,2,wearpd
nls069,1,2,wearpd
nls069,1,2,wearpd
nls069,1,2,wearpd
nls069,1,2,wearpd
nls069,1,2,wearpd
nls069,1,2,wearpd
nls069,1,2,wearpd
nls069,1,2,wearpd
nls069,1,2,wearpd
nls069,1,2,wearpd
nls069,1,2,wearpd
nls069,1,2,wearpd
nls069,1,2,wearpd
nls069,1,2,wearpd
nls069,1,2,wearpd
nls069,1,2,wearpd
nls069,1,2,wearpd
nls069,1,2,wearpd
nls069,1,2,wearpd
nls069,1,2,wearpd
nls069,1,2,wearpd
nls069,1,2,wearpd
nls069,1,2,wearpd
nls069,1,2,wearpd
nls069,1,2,wearpd
nls069,1,2,wearpd
nls069,1,2,wearpd
nls069,1,2,wearpd
nls069,1,2,wearpd
nls069,1,2,wearpd
nls101,1,0,wearpd
nls101,1,0,wearpd
nls101,1,0,wearpd
nls101,1,0,wearpd
nls101,1,0,wearpd
nls101,1,0,wearpd
nls101,1,0,wearpd
nls101,1,0,wearpd
nls101,1,1,wearpd
nls101,1,1,wearpd
nls101,1,1,wearpd
nls101,1,1,wearpd
nls101,1,1,wearpd
nls101,1,1,wearpd
nls101,1,1,wearpd
nls101,1,1,wearpd
nls101,1,1,wearpd
nls101,1,1,wearpd
nls101,1,2,wearpd
nls101,1,2,wearpd
nls101,1,2,wearpd
nls101,1,2,wearpd
nls101,1,2,wearpd
nls101,1,2,wearpd
nls101,1,2,wearpd
nls101,1,2,wearpd
nls101,1,2,wearpd
nls101,1,2,wearpd
nls101,1,2,wearpd
nls101,1,2,wearpd
nls101,1,2,wearpd
nls101,1,2,wearpd
nls101,1,2,wearpd
nls101,1,2,wearpd
nls101,1,2,wearpd
nls101,1,2,wearpd
nls101,1,2,wearpd
nls101,1,2,wearpd
nls101,1,2,wearpd
nls101,1,2,wearpd
nls101,1,2,wearpd
nls101,1,2,wearpd
nls101,1,2,wearpd
nls101,1,2,wearpd
nls101,1,2,wearpd
nls101,1,2,wearpd
nls101,1,2,wearpd
nls101,1,2,wearpd
nls101,1,2,wearpd
nls101,1,2,wearpd
nls101,1,2,wearpd
nls101,1,2,wearpd
nls101,1,2,wearpd
nls101,1,2,wearpd
nls101,1,2,wearpd
nls101,1,2,wearpd
nls102,1,0,wearpd
nls102,1,0,wearpd
nls102,1,0,wearpd
nls102,1,0,wearpd
nls102,1,0,wearpd
nls102,1,0,wearpd
nls102,1,0,wearpd
nls102,1,0,wearpd
nls102,1,1,wearpd
nls102,1,1,wearpd
nls102,1,1,wearpd
nls102,1,1,wearpd
nls102,1,1,wearpd
nls102,1,1,wearpd
nls102,1,1,wearpd
nls102,1,2,wearpd
nls102,1,2,wearpd
nls102,1,2,wearpd
nls102,1,2,wearpd
nls102,1,2,wearpd
nls102,1,2,wearpd
nls102,1,2,wearpd
nls102,1,2,wearpd
nls102,1,2,wearpd
nls102,1,2,wearpd
nls102,1,2,wearpd
nls102,1,2,wearpd
nls102,1,2,wearpd
nls102,1,2,wearpd
nls102,1,2,wearpd
nls102,1,2,wearpd
nls102,1,2,wearpd
nls102,1,2,wearpd
nls102,1,2,wearpd
nls102,1,2,wearpd
nls102,1,2,wearpd
nls102,1,2,wearpd
nls102,1,2,wearpd
nls102,1,2,wearpd
nls102,1,2,wearpd
nls102,1,2,wearpd
nls102,1,2,wearpd
nls102,1,2,wearpd
nls102,1,2,wearpd
nls102,1,2,wearpd
nls102,1,2,wearpd
nls102,1,2,wearpd
nls102,1,2,wearpd
nls102,1,2,wearpd
nls102,1,2,wearpd
nls102,1,2,wearpd
nls102,1,2,wearpd
nls102,1,2,wearpd
nls102,1,2,wearpd
nls102,1,2,wearpd
nls102,1,2,wearpd
nls102,1,2,wearpd
nls102,1,2,wearpd
nls102,1,2,wearpd
nls102,1,2,wearpd
nls102,1,2,wearpd
nls102,1,2,wearpd
nls102,1,2,wearpd
nls102,1,2,wearpd
nls102,1,2,wearpd
nls102,1,2,wearpd
nls102,1,2,wearpd
nls102,1,2,wearpd
nls102,1,2,wearpd
nls102,1,2,wearpd
nls102,1,2,wearpd
nls102,1,2,wearpd
nls102,1,2,wearpd
nls102,1,2,wearpd
nls121,1,0,wearpd
nls121,1,0,wearpd
nls121,1,0,wearpd
nls121,1,0,wearpd
nls121,1,0,wearpd
nls121,1,0,wearpd
nls121,1,0,wearpd
nls121,1,0,wearpd
nls121,1,0,wearpd
nls121,1,1,wearpd
nls121,1,1,wearpd
nls121,1,1,wearpd
nls121,1,1,wearpd
nls121,1,1,wearpd
nls121,1,1,wearpd
nls121,1,1,wearpd
nls121,1,1,wearpd
nls121,1,1,wearpd
nls121,1,1,wearpd
nls121,1,2,wearpd
nls121,1,2,wearpd
nls121,1,2,wearpd
nls121,1,2,wearpd
nls121,1,2,wearpd
nls121,1,2,wearpd
nls121,1,2,wearpd
nls121,1,2,wearpd
nls121,1,2,wearpd
nls121,1,2,wearpd
nls121,1,2,wearpd
nls121,1,2,wearpd
nls121,1,2,wearpd
nls121,1,2,wearpd
nls121,1,2,wearpd
nls121,1,2,wearpd
nls121,1,2,wearpd
nls121,1,2,wearpd
nls121,1,2,wearpd
nls121,1,2,wearpd
nls121,1,2,wearpd
nls121,1,2,wearpd
nls121,1,2,wearpd
nls121,1,2,wearpd
nls121,1,2,wearpd
nls121,1,2,wearpd
nls121,1,2,wearpd
nls121,1,2,wearpd
nls121,1,2,wearpd
nls121,1,2,wearpd
nls121,1,2,wearpd
nls121,1,2,wearpd
nls121,1,2,wearpd
nls124,1,0,wearpd
nls124,1,0,wearpd
nls124,1,0,wearpd
nls124,1,0,wearpd
nls124,1,0,wearpd
nls124,1,0,wearpd
nls124,1,0,wearpd
nls124,1,0,wearpd
nls124,1,0,wearpd
nls124,1,0,wearpd
nls124,1,0,wearpd
nls124,1,0,wearpd
nls124,1,0,wearpd
nls124,1,0,wearpd
nls124,1,1,wearpd
nls124,1,1,wearpd
nls124,1,1,wearpd
nls124,1,1,wearpd
nls124,1,1,wearpd
nls124,1,1,wearpd
nls124,1,1,wearpd
nls124,1,1,wearpd
nls124,1,1,wearpd
nls124,1,1,wearpd
nls124,1,1,wearpd
nls124,1,1,wearpd
nls124,1,2,wearpd
nls124,1,2,wearpd
nls124,1,2,wearpd
nls124,1,2,wearpd
nls124,1,2,wearpd
nls124,1,2,wearpd
nls124,1,2,wearpd
nls124,1,2,wearpd
nls124,1,2,wearpd
nls124,1,2,wearpd
nls124,1,2,wearpd
nls124,1,2,wearpd
nls124,1,2,wearpd
nls124,1,2,wearpd
nls124,1,2,wearpd
nls124,1,2,wearpd
nls124,1,2,wearpd
nls124,1,2,wearpd
nls124,1,2,wearpd
nls124,1,2,wearpd
nls124,1,2,wearpd
nls124,1,2,wearpd
nls124,1,2,wearpd
nls124,1,2,wearpd
nls124,1,2,wearpd
nls124,1,2,wearpd
nls124,1,2,wearpd
nls124,1,2,wearpd
nls124,1,2,wearpd
nls124,1,2,wearpd
nls124,1,2,wearpd
nls124,1,2,wearpd
nls124,1,2,wearpd
nls124,1,2,wearpd
nls124,1,2,wearpd
nls124,1,2,wearpd
nls124,1,2,wearpd
nls124,1,2,wearpd
nls124,1,2,wearpd
nls124,1,2,wearpd
nls124,1,2,wearpd
nls124,1,2,wearpd
nls124,1,2,wearpd
nls124,1,2,wearpd
nls124,1,2,wearpd
nls124,1,2,wearpd
nls124,1,2,wearpd
nls124,1,2,wearpd
nls124,1,2,wearpd
nls124,1,2,wearpd
nls124,1,2,wearpd
nls124,1,2,wearpd
nls127,1,0,wearpd
nls127,1,0,wearpd
nls127,1,0,wearpd
nls127,1,0,wearpd
nls127,1,0,wearpd
nls127,1,0,wearpd
nls127,1,0,wearpd
nls127,1,0,wearpd
nls127,1,0,wearpd
nls127,1,1,wearpd
nls127,1,1,wearpd
nls127,1,1,wearpd
nls127,1,1,wearpd
nls127,1,1,wearpd
nls127,1,1,wearpd
nls127,1,1,wearpd
nls127,1,2,wearpd
nls127,1,2,wearpd
nls127,1,2,wearpd
nls127,1,2,wearpd
nls127,1,2,wearpd
nls127,1,2,wearpd
nls127,1,2,wearpd
nls127,1,2,wearpd
nls127,1,2,wearpd
nls127,1,2,wearpd
nls127,1,2,wearpd
nls127,1,2,wearpd
nls127,1,2,wearpd
nls127,1,2,wearpd
nls127,1,2,wearpd
nls127,1,2,wearpd
nls127,1,2,wearpd
nls127,1,2,wearpd
nls127,1,2,wearpd
nls127,1,2,wearpd
nls127,1,2,wearpd
nls127,1,2,wearpd
nls127,1,2,wearpd
nls127,1,2,wearpd
nls127,1,2,wearpd
nls127,1,2,wearpd
nls127,1,2,wearpd
nls127,1,2,wearpd
nls127,1,2,wearpd
nls127,1,2,wearpd
nls127,1,2,wearpd
nls127,1,2,wearpd
nls127,1,2,wearpd
nls127,1,2,wearpd
nls127,1,2,wearpd
nls127,1,2,wearpd
nls130,1,0,wearpd
nls130,1,0,wearpd
nls130,1,0,wearpd
nls130,1,0,wearpd
nls130,1,0,wearpd
nls130,1,0,wearpd
nls130,1,0,wearpd
nls130,1,0,wearpd
nls130,1,0,wearpd
nls130,1,0,wearpd
nls130,1,0,wearpd
nls130,1,0,wearpd
nls130,1,1,wearpd
nls130,1,1,wearpd
nls130,1,1,wearpd
nls130,1,1,wearpd
nls130,1,1,wearpd
nls130,1,1,wearpd
nls130,1,1,wearpd
nls130,1,1,wearpd
nls130,1,1,wearpd
nls130,1,2,wearpd
nls130,1,2,wearpd
nls130,1,2,wearpd
nls130,1,2,wearpd
nls130,1,2,wearpd
nls130,1,2,wearpd
nls130,1,2,wearpd
nls130,1,2,wearpd
nls130,1,2,wearpd
nls130,1,2,wearpd
nls130,1,2,wearpd
nls130,1,2,wearpd
nls130,1,2,wearpd
nls130,1,2,wearpd
nls130,1,2,wearpd
nls130,1,2,wearpd
nls130,1,2,wearpd
nls130,1,2,wearpd
nls130,1,2,wearpd
nls130,1,2,wearpd
nls130,1,2,wearpd
nls130,1,2,wearpd
nls130,1,2,wearpd
nls130,1,2,wearpd
nls130,1,2,wearpd
nls130,1,2,wearpd
nls130,1,2,wearpd
nls130,1,2,wearpd
nls130,1,2,wearpd
nls130,1,2,wearpd
nls130,1,2,wearpd
nls130,1,2,wearpd
nls130,1,2,wearpd
nls130,1,2,wearpd
nls130,1,2,wearpd
nls130,1,2,wearpd
nls130,1,2,wearpd
nls135,1,0,wearpd
nls135,1,0,wearpd
nls135,1,0,wearpd
nls135,1,0,wearpd
nls135,1,0,wearpd
nls135,1,0,wearpd
nls135,1,0,wearpd
nls135,1,1,wearpd
nls135,1,1,wearpd
nls135,1,1,wearpd
nls135,1,1,wearpd
nls135,1,1,wearpd
nls135,1,1,wearpd
nls135,1,1,wearpd
nls135,1,2,wearpd
nls135,1,2,wearpd
nls135,1,2,wearpd
nls135,1,2,wearpd
nls135,1,2,wearpd
nls135,1,2,wearpd
nls135,1,2,wearpd
nls135,1,2,wearpd
nls135,1,2,wearpd
nls135,1,2,wearpd
nls135,1,2,wearpd
nls135,1,2,wearpd
nls135,1,2,wearpd
nls135,1,2,wearpd
nls135,1,2,wearpd
nls135,1,2,wearpd
nls135,1,2,wearpd
nls135,1,2,wearpd
nls135,1,2,wearpd
nls135,1,2,wearpd
nls135,1,2,wearpd
nls135,1,2,wearpd
nls135,1,2,wearpd
nls135,1,2,wearpd
nls135,1,2,wearpd
nls135,1,2,wearpd
nls135,1,2,wearpd
nls135,1,2,wearpd
nls135,1,2,wearpd
nls135,1,2,wearpd
nls139,1,0,wearpd
nls139,1,0,wearpd
nls139,1,0,wearpd
nls139,1,0,wearpd
nls139,1,0,wearpd
nls139,1,0,wearpd
nls139,1,0,wearpd
nls139,1,1,wearpd
nls139,1,1,wearpd
nls139,1,1,wearpd
nls139,1,1,wearpd
nls139,1,1,wearpd
nls139,1,1,wearpd
nls139,1,1,wearpd
nls139,1,2,wearpd
nls139,1,2,wearpd
nls139,1,2,wearpd
nls139,1,2,wearpd
nls139,1,2,wearpd
nls139,1,2,wearpd
nls139,1,2,wearpd
nls139,1,2,wearpd
nls139,1,2,wearpd
nls139,1,2,wearpd
nls139,1,2,wearpd
nls139,1,2,wearpd
nls139,1,2,wearpd
nls139,1,2,wearpd
nls139,1,2,wearpd
nls139,1,2,wearpd
nls139,1,2,wearpd
nls139,1,2,wearpd
nls139,1,2,wearpd
nls139,1,2,wearpd
nls139,1,2,wearpd
nls139,1,2,wearpd
nls139,1,2,wearpd
nls139,1,2,wearpd
nls139,1,2,wearpd
nls139,1,2,wearpd
nls139,1,2,wearpd
nls139,1,2,wearpd
nls139,1,2,wearpd
nls139,1,2,wearpd
nls139,1,2,wearpd
nls139,1,2,wearpd
nls139,1,2,wearpd
nls139,1,2,wearpd
nls140,1,0,wearpd
nls140,1,0,wearpd
nls140,1,0,wearpd
nls140,1,0,wearpd
nls140,1,0,wearpd
nls140,1,0,wearpd
nls140,1,0,wearpd
nls140,1,1,wearpd
nls140,1,1,wearpd
nls140,1,1,wearpd
nls140,1,1,wearpd
nls140,1,1,wearpd
nls140,1,1,wearpd
nls140,1,1,wearpd
nls140,1,1,wearpd
nls140,1,2,wearpd
nls140,1,2,wearpd
nls140,1,2,wearpd
nls140,1,2,wearpd
nls140,1,2,wearpd
nls140,1,2,wearpd
nls140,1,2,wearpd
nls140,1,2,wearpd
nls140,1,2,wearpd
nls140,1,2,wearpd
nls140,1,2,wearpd
nls140,1,2,wearpd
nls140,1,2,wearpd
nls140,1,2,wearpd
nls140,1,2,wearpd
nls140,1,2,wearpd
nls140,1,2,wearpd
nls140,1,2,wearpd
nls140,1,2,wearpd
nls140,1,2,wearpd
nls140,1,2,wearpd
nls140,1,2,wearpd
nls140,1,2,wearpd
nls140,1,2,wearpd
nls140,1,2,wearpd
nls140,1,2,wearpd
nls140,1,2,wearpd
nls140,1,2,wearpd
nls140,1,2,wearpd
nls140,1,2,wearpd
nls140,1,2,wearpd
nls140,1,2,wearpd
nls140,1,2,wearpd
nls140,1,2,wearpd
nls140,1,2,wearpd
nls140,1,2,wearpd
nls140,1,2,wearpd
nls140,1,2,wearpd
nls140,1,2,wearpd
nls141,1,0,wearpd
nls141,1,0,wearpd
nls141,1,0,wearpd
nls141,1,0,wearpd
nls141,1,0,wearpd
nls141,1,0,wearpd
nls141,1,0,wearpd
nls141,1,0,wearpd
nls141,1,0,wearpd
nls141,1,0,wearpd
nls141,1,1,wearpd
nls141,1,1,wearpd
nls141,1,1,wearpd
nls141,1,1,wearpd
nls141,1,1,wearpd
nls141,1,1,wearpd
nls141,1,1,wearpd
nls141,1,1,wearpd
nls141,1,1,wearpd
nls141,1,1,wearpd
nls141,1,1,wearpd
nls141,1,2,wearpd
nls141,1,2,wearpd
nls141,1,2,wearpd
nls141,1,2,wearpd
nls141,1,2,wearpd
nls141,1,2,wearpd
nls141,1,2,wearpd
nls141,1,2,wearpd
nls141,1,2,wearpd
nls141,1,2,wearpd
nls141,1,2,wearpd
nls141,1,2,wearpd
nls141,1,2,wearpd
nls141,1,2,wearpd
nls141,1,2,wearpd
nls141,1,2,wearpd
nls141,1,2,wearpd
nls141,1,2,wearpd
nls141,1,2,wearpd
nls141,1,2,wearpd
nls141,1,2,wearpd
nls141,1,2,wearpd
nls141,1,2,wearpd
nls141,1,2,wearpd
nls141,1,2,wearpd
nls141,1,2,wearpd
nls141,1,2,wearpd
nls141,1,2,wearpd
nls141,1,2,wearpd
nls141,1,2,wearpd
nls141,1,2,wearpd
nls141,1,2,wearpd
nls141,1,2,wearpd
nls141,1,2,wearpd
nls141,1,2,wearpd
nls141,1,2,wearpd
nls141,1,2,wearpd
nls142,1,0,wearpd
nls142,1,0,wearpd
nls142,1,0,wearpd
nls142,1,0,wearpd
nls142,1,0,wearpd
nls142,1,0,wearpd
nls142,1,0,wearpd
nls142,1,0,wearpd
nls142,1,0,wearpd
nls142,1,0,wearpd
nls142,1,1,wearpd
nls142,1,1,wearpd
nls142,1,1,wearpd
nls142,1,1,wearpd
nls142,1,1,wearpd
nls142,1,1,wearpd
nls142,1,1,wearpd
nls142,1,1,wearpd
nls142,1,1,wearpd
nls142,1,2,wearpd
nls142,1,2,wearpd
nls142,1,2,wearpd
nls142,1,2,wearpd
nls142,1,2,wearpd
nls142,1,2,wearpd
nls142,1,2,wearpd
nls142,1,2,wearpd
nls142,1,2,wearpd
nls142,1,2,wearpd
nls142,1,2,wearpd
nls142,1,2,wearpd
nls142,1,2,wearpd
nls142,1,2,wearpd
nls142,1,2,wearpd
nls142,1,2,wearpd
nls142,1,2,wearpd
nls142,1,2,wearpd
nls142,1,2,wearpd
nls142,1,2,wearpd
nls142,1,2,wearpd
nls142,1,2,wearpd
nls142,1,2,wearpd
nls142,1,2,wearpd
nls142,1,2,wearpd
nls142,1,2,wearpd
nls142,1,2,wearpd
nls142,1,2,wearpd
nls142,1,2,wearpd
nls142,1,2,wearpd
nls142,1,2,wearpd
nls142,1,2,wearpd
nls143,1,0,wearpd
nls143,1,0,wearpd
nls143,1,0,wearpd
nls143,1,0,wearpd
nls143,1,0,wearpd
nls143,1,0,wearpd
nls143,1,0,wearpd
nls143,1,0,wearpd
nls143,1,0,wearpd
nls143,1,0,wearpd
nls143,1,0,wearpd
nls143,1,0,wearpd
nls143,1,1,wearpd
nls143,1,1,wearpd
nls143,1,1,wearpd
nls143,1,1,wearpd
nls143,1,1,wearpd
nls143,1,1,wearpd
nls143,1,1,wearpd
nls143,1,1,wearpd
nls143,1,1,wearpd
nls143,1,1,wearpd
nls143,1,2,wearpd
nls143,1,2,wearpd
nls143,1,2,wearpd
nls143,1,2,wearpd
nls143,1,2,wearpd
nls143,1,2,wearpd
nls143,1,2,wearpd
nls143,1,2,wearpd
nls143,1,2,wearpd
nls143,1,2,wearpd
nls143,1,2,wearpd
nls143,1,2,wearpd
nls143,1,2,wearpd
nls143,1,2,wearpd
nls143,1,2,wearpd
nls143,1,2,wearpd
nls143,1,2,wearpd
nls143,1,2,wearpd
nls143,1,2,wearpd
nls143,1,2,wearpd
nls143,1,2,wearpd
nls143,1,2,wearpd
nls143,1,2,wearpd
nls143,1,2,wearpd
nls143,1,2,wearpd
nls143,1,2,wearpd
nls143,1,2,wearpd
nls143,1,2,wearpd
nls143,1,2,wearpd
nls143,1,2,wearpd
nls143,1,2,wearpd
nls143,1,2,wearpd
nls143,1,2,wearpd
nls143,1,2,wearpd
nls143,1,2,wearpd
nls143,1,2,wearpd
nls143,1,2,wearpd
nls143,1,2,wearpd
nls143,1,2,wearpd
nls143,1,2,wearpd
nls143,1,2,wearpd
nls144,1,0,wearpd
nls144,1,0,wearpd
nls144,1,0,wearpd
nls144,1,0,wearpd
nls144,1,0,wearpd
nls144,1,0,wearpd
nls144,1,0,wearpd
nls144,1,0,wearpd
nls144,1,0,wearpd
nls144,1,0,wearpd
nls144,1,0,wearpd
nls144,1,1,wearpd
nls144,1,1,wearpd
nls144,1,1,wearpd
nls144,1,1,wearpd
nls144,1,1,wearpd
nls144,1,1,wearpd
nls144,1,1,wearpd
nls144,1,1,wearpd
nls144,1,2,wearpd
nls144,1,2,wearpd
nls144,1,2,wearpd
nls144,1,2,wearpd
nls144,1,2,wearpd
nls144,1,2,wearpd
nls144,1,2,wearpd
nls144,1,2,wearpd
nls144,1,2,wearpd
nls144,1,2,wearpd
nls144,1,2,wearpd
nls144,1,2,wearpd
nls144,1,2,wearpd
nls144,1,2,wearpd
nls144,1,2,wearpd
nls144,1,2,wearpd
nls144,1,2,wearpd
nls144,1,2,wearpd
nls144,1,2,wearpd
nls144,1,2,wearpd
nls144,1,2,wearpd
nls144,1,2,wearpd
nls144,1,2,wearpd
nls144,1,2,wearpd
nls144,1,2,wearpd
nls144,1,2,wearpd
nls144,1,2,wearpd
nls144,1,2,wearpd
nls146,1,0,wearpd
nls146,1,0,wearpd
nls146,1,0,wearpd
nls146,1,0,wearpd
nls146,1,0,wearpd
nls146,1,0,wearpd
nls146,1,0,wearpd
nls146,1,0,wearpd
nls146,1,1,wearpd
nls146,1,1,wearpd
nls146,1,1,wearpd
nls146,1,1,wearpd
nls146,1,1,wearpd
nls146,1,1,wearpd
nls146,1,1,wearpd
nls146,1,2,wearpd
nls146,1,2,wearpd
nls146,1,2,wearpd
nls146,1,2,wearpd
nls146,1,2,wearpd
nls146,1,2,wearpd
nls146,1,2,wearpd
nls146,1,2,wearpd
nls146,1,2,wearpd
nls146,1,2,wearpd
nls146,1,2,wearpd
nls146,1,2,wearpd
nls146,1,2,wearpd
nls146,1,2,wearpd
nls146,1,2,wearpd
nls146,1,2,wearpd
nls146,1,2,wearpd
nls146,1,2,wearpd
nls146,1,2,wearpd
nls146,1,2,wearpd
nls146,1,2,wearpd
nls146,1,2,wearpd
nls146,1,2,wearpd
nls146,1,2,wearpd
nls146,1,2,wearpd
nls146,1,2,wearpd
nls146,1,2,wearpd
nls146,1,2,wearpd
nls146,1,2,wearpd
nls146,1,2,wearpd
nls146,1,2,wearpd
nls146,1,2,wearpd
nls146,1,2,wearpd
nls146,1,2,wearpd
nls146,1,2,wearpd
nls146,1,2,wearpd
nls146,1,2,wearpd
nls146,1,2,wearpd
nls146,1,2,wearpd
nls146,1,2,wearpd
nls146,1,2,wearpd
nls147,1,0,wearpd
nls147,1,0,wearpd
nls147,1,0,wearpd
nls147,1,0,wearpd
nls147,1,0,wearpd
nls147,1,0,wearpd
nls147,1,0,wearpd
nls147,1,0,wearpd
nls147,1,1,wearpd
nls147,1,1,wearpd
nls147,1,1,wearpd
nls147,1,1,wearpd
nls147,1,1,wearpd
nls147,1,1,wearpd
nls147,1,1,wearpd
nls147,1,1,wearpd
nls147,1,1,wearpd
nls147,1,2,wearpd
nls147,1,2,wearpd
nls147,1,2,wearpd
nls147,1,2,wearpd
nls147,1,2,wearpd
nls147,1,2,wearpd
nls147,1,2,wearpd
nls147,1,2,wearpd
nls147,1,2,wearpd
nls147,1,2,wearpd
nls147,1,2,wearpd
nls147,1,2,wearpd
nls147,1,2,wearpd
nls147,1,2,wearpd
nls147,1,2,wearpd
nls147,1,2,wearpd
nls147,1,2,wearpd
nls147,1,2,wearpd
nls147,1,2,wearpd
nls147,1,2,wearpd
nls147,1,2,wearpd
nls147,1,2,wearpd
nls147,1,2,wearpd
nls147,1,2,wearpd
nls147,1,2,wearpd
nls147,1,2,wearpd
nls148,1,0,wearpd
nls148,1,0,wearpd
nls148,1,0,wearpd
nls148,1,0,wearpd
nls148,1,0,wearpd
nls148,1,0,wearpd
nls148,1,0,wearpd
nls148,1,0,wearpd
nls148,1,0,wearpd
nls148,1,1,wearpd
nls148,1,1,wearpd
nls148,1,1,wearpd
nls148,1,1,wearpd
nls148,1,1,wearpd
nls148,1,1,wearpd
nls148,1,1,wearpd
nls148,1,1,wearpd
nls148,1,2,wearpd
nls148,1,2,wearpd
nls148,1,2,wearpd
nls148,1,2,wearpd
nls148,1,2,wearpd
nls148,1,2,wearpd
nls148,1,2,wearpd
nls148,1,2,wearpd
nls148,1,2,wearpd
nls148,1,2,wearpd
nls148,1,2,wearpd
nls148,1,2,wearpd
nls148,1,2,wearpd
nls148,1,2,wearpd
nls148,1,2,wearpd
nls148,1,2,wearpd
nls148,1,2,wearpd
nls148,1,2,wearpd
nls148,1,2,wearpd
nls148,1,2,wearpd
nls148,1,2,wearpd
nls148,1,2,wearpd
nls148,1,2,wearpd
nls148,1,2,wearpd
nls148,1,2,wearpd
nls148,1,2,wearpd
nls148,1,2,wearpd
nls148,1,2,wearpd
nls148,1,2,wearpd
nls148,1,2,wearpd
nls148,1,2,wearpd
nls148,1,2,wearpd
nls149,1,0,wearpd
nls149,1,0,wearpd
nls149,1,0,wearpd
nls149,1,0,wearpd
nls149,1,0,wearpd
nls149,1,0,wearpd
nls149,1,0,wearpd
nls149,1,0,wearpd
nls149,1,0,wearpd
nls149,1,0,wearpd
nls149,1,0,wearpd
nls149,1,0,wearpd
nls149,1,1,wearpd
nls149,1,1,wearpd
nls149,1,1,wearpd
nls149,1,1,wearpd
nls149,1,1,wearpd
nls149,1,1,wearpd
nls149,1,1,wearpd
nls149,1,1,wearpd
nls149,1,1,wearpd
nls149,1,1,wearpd
nls149,1,1,wearpd
nls149,1,1,wearpd
nls149,1,1,wearpd
nls149,1,2,wearpd
nls149,1,2,wearpd
nls149,1,2,wearpd
nls149,1,2,wearpd
nls149,1,2,wearpd
nls149,1,2,wearpd
nls149,1,2,wearpd
nls149,1,2,wearpd
nls149,1,2,wearpd
nls149,1,2,wearpd
nls149,1,2,wearpd
nls149,1,2,wearpd
nls149,1,2,wearpd
nls149,1,2,wearpd
nls149,1,2,wearpd
nls149,1,2,wearpd
nls149,1,2,wearpd
nls149,1,2,wearpd
nls149,1,2,wearpd
nls149,1,2,wearpd
nls149,1,2,wearpd
nls149,1,2,wearpd
nls149,1,2,wearpd
nls149,1,2,wearpd
nls149,1,2,wearpd
nls149,1,2,wearpd
nls149,1,2,wearpd
nls149,1,2,wearpd
nls149,1,2,wearpd
nls149,1,2,wearpd
nls149,1,2,wearpd
nls149,1,2,wearpd
nls149,1,2,wearpd
nls149,1,2,wearpd
nls149,1,2,wearpd
nls149,1,2,wearpd
nls149,1,2,wearpd
nls149,1,2,wearpd
nls149,1,2,wearpd
nls149,1,2,wearpd
nls149,1,2,wearpd
nls149,1,2,wearpd
nls149,1,2,wearpd
nls149,1,2,wearpd
nls150,1,0,wearpd
nls150,1,0,wearpd
nls150,1,0,wearpd
nls150,1,0,wearpd
nls150,1,0,wearpd
nls150,1,0,wearpd
nls150,1,0,wearpd
nls150,1,0,wearpd
nls150,1,1,wearpd
nls150,1,1,wearpd
nls150,1,1,wearpd
nls150,1,1,wearpd
nls150,1,1,wearpd
nls150,1,1,wearpd
nls150,1,1,wearpd
nls150,1,2,wearpd
nls150,1,2,wearpd
nls150,1,2,wearpd
nls150,1,2,wearpd
nls150,1,2,wearpd
nls150,1,2,wearpd
nls150,1,2,wearpd
nls150,1,2,wearpd
nls150,1,2,wearpd
nls150,1,2,wearpd
nls150,1,2,wearpd
nls150,1,2,wearpd
nls150,1,2,wearpd
nls150,1,2,wearpd
nls150,1,2,wearpd
nls150,1,2,wearpd
nls150,1,2,wearpd
nls150,1,2,wearpd
nls150,1,2,wearpd
nls150,1,2,wearpd
nls150,1,2,wearpd
nls150,1,2,wearpd
nls150,1,2,wearpd
nls150,1,2,wearpd
nls150,1,2,wearpd
nls150,1,2,wearpd
nls150,1,2,wearpd
nls150,1,2,wearpd
nls150,1,2,wearpd
nls150,1,2,wearpd
nls150,1,2,wearpd
nls150,1,2,wearpd
nls150,1,2,wearpd
nls150,1,2,wearpd
nls150,1,2,wearpd
nls150,1,2,wearpd
nls150,1,2,wearpd
nls150,1,2,wearpd
nls150,1,2,wearpd
nls150,1,2,wearpd
nls150,1,2,wearpd
nls150,1,2,wearpd
nls150,1,2,wearpd
nls150,1,2,wearpd
nls150,1,2,wearpd
nls150,1,2,wearpd
nls151,1,0,wearpd
nls151,1,0,wearpd
nls151,1,0,wearpd
nls151,1,0,wearpd
nls151,1,0,wearpd
nls151,1,0,wearpd
nls151,1,0,wearpd
nls151,1,0,wearpd
nls151,1,0,wearpd
nls151,1,0,wearpd
nls151,1,1,wearpd
nls151,1,1,wearpd
nls151,1,1,wearpd
nls151,1,1,wearpd
nls151,1,1,wearpd
nls151,1,1,wearpd
nls151,1,1,wearpd
nls151,1,1,wearpd
nls151,1,1,wearpd
nls151,1,1,wearpd
nls151,1,1,wearpd
nls151,1,2,wearpd
nls151,1,2,wearpd
nls151,1,2,wearpd
nls151,1,2,wearpd
nls151,1,2,wearpd
nls151,1,2,wearpd
nls151,1,2,wearpd
nls151,1,2,wearpd
nls151,1,2,wearpd
nls151,1,2,wearpd
nls151,1,2,wearpd
nls151,1,2,wearpd
nls151,1,2,wearpd
nls151,1,2,wearpd
nls151,1,2,wearpd
nls151,1,2,wearpd
nls151,1,2,wearpd
nls151,1,2,wearpd
nls151,1,2,wearpd
nls151,1,2,wearpd
nls151,1,2,wearpd
nls151,1,2,wearpd
nls151,1,2,wearpd
nls151,1,2,wearpd
nls151,1,2,wearpd
nls151,1,2,wearpd
nls151,1,2,wearpd
nls151,1,2,wearpd
nls151,1,2,wearpd
nls151,1,2,wearpd
nls151,1,2,wearpd
nls151,1,2,wearpd
nls151,1,2,wearpd
nls151,1,2,wearpd
nls151,1,2,wearpd
nls151,1,2,wearpd
nls151,1,2,wearpd
nls151,1,2,wearpd
nls151,1,2,wearpd
nls151,1,2,wearpd
nls152,1,0,wearpd
nls152,1,0,wearpd
nls152,1,0,wearpd
nls152,1,0,wearpd
nls152,1,0,wearpd
nls152,1,0,wearpd
nls152,1,0,wearpd
nls152,1,0,wearpd
nls152,1,1,wearpd
nls152,1,1,wearpd
nls152,1,1,wearpd
nls152,1,1,wearpd
nls152,1,1,wearpd
nls152,1,1,wearpd
nls152,1,1,wearpd
nls152,1,1,wearpd
nls152,1,1,wearpd
nls152,1,2,wearpd
nls152,1,2,wearpd
nls152,1,2,wearpd
nls152,1,2,wearpd
nls152,1,2,wearpd
nls152,1,2,wearpd
nls152,1,2,wearpd
nls152,1,2,wearpd
nls152,1,2,wearpd
nls152,1,2,wearpd
nls152,1,2,wearpd
nls152,1,2,wearpd
nls152,1,2,wearpd
nls152,1,2,wearpd
nls152,1,2,wearpd
nls152,1,2,wearpd
nls152,1,2,wearpd
nls152,1,2,wearpd
nls152,1,2,wearpd
nls152,1,2,wearpd
nls152,1,2,wearpd
nls152,1,2,wearpd
nls152,1,2,wearpd
nls152,1,2,wearpd
nls152,1,2,wearpd
nls152,1,2,wearpd
nls152,1,2,wearpd
nls152,1,2,wearpd
nls153,1,0,wearpd
nls153,1,0,wearpd
nls153,1,0,wearpd
nls153,1,0,wearpd
nls153,1,0,wearpd
nls153,1,0,wearpd
nls153,1,0,wearpd
nls153,1,0,wearpd
nls153,1,0,wearpd
nls153,1,0,wearpd
nls153,1,0,wearpd
nls153,1,0,wearpd
nls153,1,1,wearpd
nls153,1,1,wearpd
nls153,1,1,wearpd
nls153,1,1,wearpd
nls153,1,1,wearpd
nls153,1,1,wearpd
nls153,1,1,wearpd
nls153,1,1,wearpd
nls153,1,1,wearpd
nls153,1,1,wearpd
nls153,1,1,wearpd
nls153,1,2,wearpd
nls153,1,2,wearpd
nls153,1,2,wearpd
nls153,1,2,wearpd
nls153,1,2,wearpd
nls153,1,2,wearpd
nls153,1,2,wearpd
nls153,1,2,wearpd
nls153,1,2,wearpd
nls153,1,2,wearpd
nls153,1,2,wearpd
nls153,1,2,wearpd
nls153,1,2,wearpd
nls153,1,2,wearpd
nls153,1,2,wearpd
nls153,1,2,wearpd
nls153,1,2,wearpd
nls153,1,2,wearpd
nls153,1,2,wearpd
nls153,1,2,wearpd
nls153,1,2,wearpd
nls153,1,2,wearpd
nls153,1,2,wearpd
nls153,1,2,wearpd
nls153,1,2,wearpd
nls153,1,2,wearpd
nls153,1,2,wearpd
nls153,1,2,wearpd
nls153,1,2,wearpd
nls153,1,2,wearpd
nls154,1,0,wearpd
nls154,1,0,wearpd
nls154,1,0,wearpd
nls154,1,0,wearpd
nls154,1,0,wearpd
nls154,1,0,wearpd
nls154,1,0,wearpd
nls154,1,0,wearpd
nls154,1,1,wearpd
nls154,1,1,wearpd
nls154,1,1,wearpd
nls154,1,1,wearpd
nls154,1,1,wearpd
nls154,1,1,wearpd
nls154,1,1,wearpd
nls154,1,2,wearpd
nls154,1,2,wearpd
nls154,1,2,wearpd
nls154,1,2,wearpd
nls154,1,2,wearpd
nls154,1,2,wearpd
nls154,1,2,wearpd
nls154,1,2,wearpd
nls154,1,2,wearpd
nls154,1,2,wearpd
nls154,1,2,wearpd
nls154,1,2,wearpd
nls154,1,2,wearpd
nls154,1,2,wearpd
nls154,1,2,wearpd
nls154,1,2,wearpd
nls154,1,2,wearpd
nls154,1,2,wearpd
nls154,1,2,wearpd
nls154,1,2,wearpd
nls154,1,2,wearpd
nls154,1,2,wearpd
nls154,1,2,wearpd
nls154,1,2,wearpd
nls154,1,2,wearpd
nls154,1,2,wearpd
nls154,1,2,wearpd
nls154,1,2,wearpd
nls154,1,2,wearpd
nls154,1,2,wearpd
nls155,1,0,wearpd
nls155,1,0,wearpd
nls155,1,0,wearpd
nls155,1,0,wearpd
nls155,1,0,wearpd
nls155,1,0,wearpd
nls155,1,0,wearpd
nls155,1,0,wearpd
nls155,1,1,wearpd
nls155,1,1,wearpd
nls155,1,1,wearpd
nls155,1,1,wearpd
nls155,1,1,wearpd
nls155,1,1,wearpd
nls155,1,1,wearpd
nls155,1,2,wearpd
nls155,1,2,wearpd
nls155,1,2,wearpd
nls155,1,2,wearpd
nls155,1,2,wearpd
nls155,1,2,wearpd
nls155,1,2,wearpd
nls155,1,2,wearpd
nls155,1,2,wearpd
nls155,1,2,wearpd
nls155,1,2,wearpd
nls155,1,2,wearpd
nls155,1,2,wearpd
nls155,1,2,wearpd
nls155,1,2,wearpd
nls155,1,2,wearpd
nls155,1,2,wearpd
nls155,1,2,wearpd
nls155,1,2,wearpd
nls155,1,2,wearpd
nls155,1,2,wearpd
nls155,1,2,wearpd
nls155,1,2,wearpd
nls155,1,2,wearpd
nls155,1,2,wearpd
nls155,1,2,wearpd
nls155,1,2,wearpd
nls155,1,2,wearpd
nls157,1,0,wearpd
nls157,1,0,wearpd
nls157,1,0,wearpd
nls157,1,0,wearpd
nls157,1,0,wearpd
nls157,1,0,wearpd
nls157,1,0,wearpd
nls157,1,1,wearpd
nls157,1,1,wearpd
nls157,1,1,wearpd
nls157,1,1,wearpd
nls157,1,1,wearpd
nls157,1,1,wearpd
nls157,1,1,wearpd
nls157,1,2,wearpd
nls157,1,2,wearpd
nls157,1,2,wearpd
nls157,1,2,wearpd
nls157,1,2,wearpd
nls157,1,2,wearpd
nls157,1,2,wearpd
nls157,1,2,wearpd
nls157,1,2,wearpd
nls157,1,2,wearpd
nls157,1,2,wearpd
nls157,1,2,wearpd
nls157,1,2,wearpd
nls157,1,2,wearpd
nls157,1,2,wearpd
nls157,1,2,wearpd
nls157,1,2,wearpd
nls157,1,2,wearpd
nls157,1,2,wearpd
nls157,1,2,wearpd
nls157,1,2,wearpd
nls157,1,2,wearpd
nls157,1,2,wearpd
nls157,1,2,wearpd
nls157,1,2,wearpd
nls157,1,2,wearpd
nls157,1,2,wearpd
nls157,1,2,wearpd
nls157,1,2,wearpd
nls157,1,2,wearpd
nls157,1,2,wearpd
nls157,1,2,wearpd
nls157,1,2,wearpd
nls157,1,2,wearpd
nls157,1,2,wearpd
nls157,1,2,wearpd
nls157,1,2,wearpd
nls158,1,0,wearpd
nls158,1,0,wearpd
nls158,1,0,wearpd
nls158,1,0,wearpd
nls158,1,0,wearpd
nls158,1,0,wearpd
nls158,1,0,wearpd
nls158,1,1,wearpd
nls158,1,1,wearpd
nls158,1,1,wearpd
nls158,1,1,wearpd
nls158,1,1,wearpd
nls158,1,1,wearpd
nls158,1,2,wearpd
nls158,1,2,wearpd
nls158,1,2,wearpd
nls158,1,2,wearpd
nls158,1,2,wearpd
nls158,1,2,wearpd
nls158,1,2,wearpd
nls158,1,2,wearpd
nls158,1,2,wearpd
nls158,1,2,wearpd
nls158,1,2,wearpd
nls158,1,2,wearpd
nls158,1,2,wearpd
nls158,1,2,wearpd
nls158,1,2,wearpd
nls158,1,2,wearpd
nls158,1,2,wearpd
nls158,1,2,wearpd
nls158,1,2,wearpd
nls158,1,2,wearpd
nls158,1,2,wearpd
nls158,1,2,wearpd
nls158,1,2,wearpd
nls158,1,2,wearpd
nls158,1,2,wearpd
nls158,1,2,wearpd
nls159,1,0,wearpd
nls159,1,0,wearpd
nls159,1,0,wearpd
nls159,1,0,wearpd
nls159,1,0,wearpd
nls159,1,0,wearpd
nls159,1,0,wearpd
nls159,1,1,wearpd
nls159,1,1,wearpd
nls159,1,1,wearpd
nls159,1,1,wearpd
nls159,1,1,wearpd
nls159,1,1,wearpd
nls159,1,1,wearpd
nls159,1,2,wearpd
nls159,1,2,wearpd
nls159,1,2,wearpd
nls159,1,2,wearpd
nls159,1,2,wearpd
nls159,1,2,wearpd
nls159,1,2,wearpd
nls159,1,2,wearpd
nls159,1,2,wearpd
nls159,1,2,wearpd
nls159,1,2,wearpd
nls159,1,2,wearpd
nls159,1,2,wearpd
nls159,1,2,wearpd
nls159,1,2,wearpd
nls159,1,2,wearpd
nls159,1,2,wearpd
nls159,1,2,wearpd
nls159,1,2,wearpd
nls159,1,2,wearpd
nls159,1,2,wearpd
nls159,1,2,wearpd
nls159,1,2,wearpd
nls159,1,2,wearpd
nls159,1,2,wearpd
nls159,1,2,wearpd
nls159,1,2,wearpd
nls159,1,2,wearpd
nls159,1,2,wearpd
nls160,1,0,wearpd
nls160,1,0,wearpd
nls160,1,0,wearpd
nls160,1,0,wearpd
nls160,1,0,wearpd
nls160,1,0,wearpd
nls160,1,0,wearpd
nls160,1,0,wearpd
nls160,1,0,wearpd
nls160,1,0,wearpd
nls160,1,1,wearpd
nls160,1,1,wearpd
nls160,1,1,wearpd
nls160,1,1,wearpd
nls160,1,1,wearpd
nls160,1,1,wearpd
nls160,1,1,wearpd
nls160,1,1,wearpd
nls160,1,2,wearpd
nls160,1,2,wearpd
nls160,1,2,wearpd
nls160,1,2,wearpd
nls160,1,2,wearpd
nls160,1,2,wearpd
nls160,1,2,wearpd
nls160,1,2,wearpd
nls160,1,2,wearpd
nls160,1,2,wearpd
nls160,1,2,wearpd
nls160,1,2,wearpd
nls160,1,2,wearpd
nls160,1,2,wearpd
nls160,1,2,wearpd
nls160,1,2,wearpd
nls160,1,2,wearpd
nls160,1,2,wearpd
nls160,1,2,wearpd
nls160,1,2,wearpd
nls160,1,2,wearpd
nls160,1,2,wearpd
nls160,1,2,wearpd
nls160,1,2,wearpd
nls160,1,2,wearpd
nls160,1,2,wearpd
nls160,1,2,wearpd
nls160,1,2,wearpd
nls160,1,2,wearpd
nls160,1,2,wearpd
nls160,1,2,wearpd
nls160,1,2,wearpd
nls160,1,2,wearpd
nls160,1,2,wearpd
nls160,1,2,wearpd
nls160,1,2,wearpd
nls160,1,2,wearpd
nls161,1,0,wearpd
nls161,1,0,wearpd
nls161,1,0,wearpd
nls161,1,0,wearpd
nls161,1,0,wearpd
nls161,1,0,wearpd
nls161,1,0,wearpd
nls161,1,0,wearpd
nls161,1,1,wearpd
nls161,1,1,wearpd
nls161,1,1,wearpd
nls161,1,1,wearpd
nls161,1,1,wearpd
nls161,1,1,wearpd
nls161,1,1,wearpd
nls161,1,1,wearpd
nls161,1,1,wearpd
nls161,1,2,wearpd
nls161,1,2,wearpd
nls161,1,2,wearpd
nls161,1,2,wearpd
nls161,1,2,wearpd
nls161,1,2,wearpd
nls161,1,2,wearpd
nls161,1,2,wearpd
nls161,1,2,wearpd
nls161,1,2,wearpd
nls161,1,2,wearpd
nls161,1,2,wearpd
nls161,1,2,wearpd
nls161,1,2,wearpd
nls161,1,2,wearpd
nls161,1,2,wearpd
nls161,1,2,wearpd
nls161,1,2,wearpd
nls161,1,2,wearpd
nls161,1,2,wearpd
nls161,1,2,wearpd
nls161,1,2,wearpd
nls161,1,2,wearpd
nls161,1,2,wearpd
nls161,1,2,wearpd
nls161,1,2,wearpd
nls161,1,2,wearpd
nls161,1,2,wearpd
nls161,1,2,wearpd
nls161,1,2,wearpd
nls161,1,2,wearpd
nls161,1,2,wearpd
nls161,1,2,wearpd
nls161,1,2,wearpd
nls161,1,2,wearpd
nls161,1,2,wearpd
nls162,1,0,wearpd
nls162,1,0,wearpd
nls162,1,0,wearpd
nls162,1,0,wearpd
nls162,1,0,wearpd
nls162,1,0,wearpd
nls162,1,0,wearpd
nls162,1,0,wearpd
nls162,1,1,wearpd
nls162,1,1,wearpd
nls162,1,1,wearpd
nls162,1,1,wearpd
nls162,1,1,wearpd
nls162,1,1,wearpd
nls162,1,1,wearpd
nls162,1,1,wearpd
nls162,1,2,wearpd
nls162,1,2,wearpd
nls162,1,2,wearpd
nls162,1,2,wearpd
nls162,1,2,wearpd
nls162,1,2,wearpd
nls162,1,2,wearpd
nls162,1,2,wearpd
nls162,1,2,wearpd
nls162,1,2,wearpd
nls162,1,2,wearpd
nls162,1,2,wearpd
nls162,1,2,wearpd
nls162,1,2,wearpd
nls162,1,2,wearpd
nls162,1,2,wearpd
nls162,1,2,wearpd
nls162,1,2,wearpd
nls162,1,2,wearpd
nls162,1,2,wearpd
nls162,1,2,wearpd
nls162,1,2,wearpd
nls162,1,2,wearpd
nls162,1,2,wearpd
nls162,1,2,wearpd
nls162,1,2,wearpd
nls162,1,2,wearpd
nls162,1,2,wearpd
nls162,1,2,wearpd
nls162,1,2,wearpd
nls162,1,2,wearpd
nls163,1,0,wearpd
nls163,1,0,wearpd
nls163,1,0,wearpd
nls163,1,0,wearpd
nls163,1,0,wearpd
nls163,1,0,wearpd
nls163,1,0,wearpd
nls163,1,0,wearpd
nls163,1,1,wearpd
nls163,1,1,wearpd
nls163,1,1,wearpd
nls163,1,1,wearpd
nls163,1,1,wearpd
nls163,1,1,wearpd
nls163,1,1,wearpd
nls163,1,1,wearpd
nls163,1,1,wearpd
nls163,1,1,wearpd
nls163,1,2,wearpd
nls163,1,2,wearpd
nls163,1,2,wearpd
nls163,1,2,wearpd
nls163,1,2,wearpd
nls163,1,2,wearpd
nls163,1,2,wearpd
nls163,1,2,wearpd
nls163,1,2,wearpd
nls163,1,2,wearpd
nls163,1,2,wearpd
nls163,1,2,wearpd
nls163,1,2,wearpd
nls163,1,2,wearpd
nls163,1,2,wearpd
nls163,1,2,wearpd
nls163,1,2,wearpd
nls163,1,2,wearpd
nls163,1,2,wearpd
nls163,1,2,wearpd
nls163,1,2,wearpd
nls163,1,2,wearpd
nls163,1,2,wearpd
nls163,1,2,wearpd
nls163,1,2,wearpd
nls163,1,2,wearpd
nls163,1,2,wearpd
nls163,1,2,wearpd
nls163,1,2,wearpd
nls163,1,2,wearpd
nls164,1,0,wearpd
nls164,1,0,wearpd
nls164,1,0,wearpd
nls164,1,0,wearpd
nls164,1,0,wearpd
nls164,1,0,wearpd
nls164,1,0,wearpd
nls164,1,0,wearpd
nls164,1,1,wearpd
nls164,1,1,wearpd
nls164,1,1,wearpd
nls164,1,1,wearpd
nls164,1,1,wearpd
nls164,1,1,wearpd
nls164,1,1,wearpd
nls164,1,1,wearpd
nls164,1,1,wearpd
nls164,1,1,wearpd
nls164,1,2,wearpd
nls164,1,2,wearpd
nls164,1,2,wearpd
nls164,1,2,wearpd
nls164,1,2,wearpd
nls164,1,2,wearpd
nls164,1,2,wearpd
nls164,1,2,wearpd
nls164,1,2,wearpd
nls164,1,2,wearpd
nls164,1,2,wearpd
nls164,1,2,wearpd
nls164,1,2,wearpd
nls164,1,2,wearpd
nls164,1,2,wearpd
nls164,1,2,wearpd
nls164,1,2,wearpd
nls164,1,2,wearpd
nls164,1,2,wearpd
nls164,1,2,wearpd
nls164,1,2,wearpd
nls164,1,2,wearpd
nls164,1,2,wearpd
nls164,1,2,wearpd
nls164,1,2,wearpd
nls164,1,2,wearpd
nls164,1,2,wearpd
nls164,1,2,wearpd
nls164,1,2,wearpd
nls164,1,2,wearpd
nls164,1,2,wearpd
nls164,1,2,wearpd
nls164,1,2,wearpd
nls164,1,2,wearpd
nls164,1,2,wearpd
nls164,1,2,wearpd
nls164,1,2,wearpd
nls164,1,2,wearpd
nls165,1,0,wearpd
nls165,1,0,wearpd
nls165,1,0,wearpd
nls165,1,0,wearpd
nls165,1,0,wearpd
nls165,1,0,wearpd
nls165,1,0,wearpd
nls165,1,0,wearpd
nls165,1,0,wearpd
nls165,1,0,wearpd
nls165,1,0,wearpd
nls165,1,1,wearpd
nls165,1,1,wearpd
nls165,1,1,wearpd
nls165,1,1,wearpd
nls165,1,1,wearpd
nls165,1,1,wearpd
nls165,1,1,wearpd
nls165,1,1,wearpd
nls165,1,1,wearpd
nls165,1,2,wearpd
nls165,1,2,wearpd
nls165,1,2,wearpd
nls165,1,2,wearpd
nls165,1,2,wearpd
nls165,1,2,wearpd
nls165,1,2,wearpd
nls165,1,2,wearpd
nls165,1,2,wearpd
nls165,1,2,wearpd
nls165,1,2,wearpd
nls165,1,2,wearpd
nls165,1,2,wearpd
nls165,1,2,wearpd
nls165,1,2,wearpd
nls165,1,2,wearpd
nls165,1,2,wearpd
nls165,1,2,wearpd
nls165,1,2,wearpd
nls165,1,2,wearpd
nls165,1,2,wearpd
nls165,1,2,wearpd
nls165,1,2,wearpd
nls165,1,2,wearpd
nls165,1,2,wearpd
nls165,1,2,wearpd
nls165,1,2,wearpd
nls165,1,2,wearpd
nls165,1,2,wearpd
nls165,1,2,wearpd
nls165,1,2,wearpd
nls165,1,2,wearpd
nls165,1,2,wearpd
nls165,1,2,wearpd
nls165,1,2,wearpd
nls165,1,2,wearpd
nls165,1,2,wearpd
nls165,1,2,wearpd
nls165,1,2,wearpd
nls165,1,2,wearpd
nls165,1,2,wearpd
nls165,1,2,wearpd
nls165,1,2,wearpd
nls165,1,2,wearpd
nls166,1,0,wearpd
nls166,1,0,wearpd
nls166,1,0,wearpd
nls166,1,0,wearpd
nls166,1,0,wearpd
nls166,1,0,wearpd
nls166,1,0,wearpd
nls166,1,0,wearpd
nls166,1,0,wearpd
nls166,1,1,wearpd
nls166,1,1,wearpd
nls166,1,1,wearpd
nls166,1,1,wearpd
nls166,1,1,wearpd
nls166,1,1,wearpd
nls166,1,1,wearpd
nls166,1,1,wearpd
nls166,1,2,wearpd
nls166,1,2,wearpd
nls166,1,2,wearpd
nls166,1,2,wearpd
nls166,1,2,wearpd
nls166,1,2,wearpd
nls166,1,2,wearpd
nls166,1,2,wearpd
nls166,1,2,wearpd
nls166,1,2,wearpd
nls166,1,2,wearpd
nls166,1,2,wearpd
nls166,1,2,wearpd
nls166,1,2,wearpd
nls166,1,2,wearpd
nls166,1,2,wearpd
nls166,1,2,wearpd
nls166,1,2,wearpd
nls166,1,2,wearpd
nls166,1,2,wearpd
nls166,1,2,wearpd
nls166,1,2,wearpd
nls166,1,2,wearpd
nls166,1,2,wearpd
nls166,1,2,wearpd
nls167,1,0,wearpd
nls167,1,0,wearpd
nls167,1,0,wearpd
nls167,1,0,wearpd
nls167,1,0,wearpd
nls167,1,0,wearpd
nls167,1,0,wearpd
nls167,1,1,wearpd
nls167,1,1,wearpd
nls167,1,1,wearpd
nls167,1,1,wearpd
nls167,1,1,wearpd
nls167,1,1,wearpd
nls167,1,1,wearpd
nls167,1,2,wearpd
nls167,1,2,wearpd
nls167,1,2,wearpd
nls167,1,2,wearpd
nls167,1,2,wearpd
nls167,1,2,wearpd
nls167,1,2,wearpd
nls167,1,2,wearpd
nls167,1,2,wearpd
nls167,1,2,wearpd
nls167,1,2,wearpd
nls167,1,2,wearpd
nls167,1,2,wearpd
nls167,1,2,wearpd
nls167,1,2,wearpd
nls167,1,2,wearpd
nls167,1,2,wearpd
nls167,1,2,wearpd
nls167,1,2,wearpd
nls167,1,2,wearpd
nls167,1,2,wearpd
nls167,1,2,wearpd
nls167,1,2,wearpd
nls167,1,2,wearpd
nls167,1,2,wearpd
nls167,1,2,wearpd
nls167,1,2,wearpd
nls167,1,2,wearpd
nls167,1,2,wearpd
nls167,1,2,wearpd
nls167,1,2,wearpd
nls167,1,2,wearpd
nls167,1,2,wearpd
nls167,1,2,wearpd
nls167,1,2,wearpd
nls167,1,2,wearpd
nls167,1,2,wearpd
nls169,1,0,wearpd
nls169,1,0,wearpd
nls169,1,0,wearpd
nls169,1,0,wearpd
nls169,1,0,wearpd
nls169,1,0,wearpd
nls169,1,0,wearpd
nls169,1,0,wearpd
nls169,1,0,wearpd
nls169,1,0,wearpd
nls169,1,1,wearpd
nls169,1,1,wearpd
nls169,1,1,wearpd
nls169,1,1,wearpd
nls169,1,1,wearpd
nls169,1,1,wearpd
nls169,1,1,wearpd
nls169,1,1,wearpd
nls169,1,2,wearpd
nls169,1,2,wearpd
nls169,1,2,wearpd
nls169,1,2,wearpd
nls169,1,2,wearpd
nls169,1,2,wearpd
nls169,1,2,wearpd
nls169,1,2,wearpd
nls169,1,2,wearpd
nls169,1,2,wearpd
nls169,1,2,wearpd
nls169,1,2,wearpd
nls169,1,2,wearpd
nls169,1,2,wearpd
nls169,1,2,wearpd
nls169,1,2,wearpd
nls169,1,2,wearpd
nls169,1,2,wearpd
nls169,1,2,wearpd
nls169,1,2,wearpd
nls169,1,2,wearpd
nls169,1,2,wearpd
nls169,1,2,wearpd
nls169,1,2,wearpd
nls169,1,2,wearpd
nls169,1,2,wearpd
nls169,1,2,wearpd
nls169,1,2,wearpd
nls169,1,2,wearpd
nls170,1,0,wearpd
nls170,1,0,wearpd
nls170,1,0,wearpd
nls170,1,0,wearpd
nls170,1,0,wearpd
nls170,1,0,wearpd
nls170,1,0,wearpd
nls170,1,0,wearpd
nls170,1,0,wearpd
nls170,1,0,wearpd
nls170,1,1,wearpd
nls170,1,1,wearpd
nls170,1,1,wearpd
nls170,1,1,wearpd
nls170,1,1,wearpd
nls170,1,1,wearpd
nls170,1,1,wearpd
nls170,1,1,wearpd
nls170,1,1,wearpd
nls170,1,2,wearpd
nls170,1,2,wearpd
nls170,1,2,wearpd
nls170,1,2,wearpd
nls170,1,2,wearpd
nls170,1,2,wearpd
nls170,1,2,wearpd
nls170,1,2,wearpd
nls170,1,2,wearpd
nls170,1,2,wearpd
nls170,1,2,wearpd
nls170,1,2,wearpd
nls170,1,2,wearpd
nls170,1,2,wearpd
nls170,1,2,wearpd
nls170,1,2,wearpd
nls170,1,2,wearpd
nls170,1,2,wearpd
nls170,1,2,wearpd
nls170,1,2,wearpd
nls170,1,2,wearpd
nls170,1,2,wearpd
nls170,1,2,wearpd
nls170,1,2,wearpd
nls170,1,2,wearpd
nls170,1,2,wearpd
nls170,1,2,wearpd
nls170,1,2,wearpd
nls172,1,0,wearpd
nls172,1,0,wearpd
nls172,1,0,wearpd
nls172,1,0,wearpd
nls172,1,0,wearpd
nls172,1,0,wearpd
nls172,1,0,wearpd
nls172,1,0,wearpd
nls172,1,0,wearpd
nls172,1,0,wearpd
nls172,1,1,wearpd
nls172,1,1,wearpd
nls172,1,1,wearpd
nls172,1,1,wearpd
nls172,1,1,wearpd
nls172,1,1,wearpd
nls172,1,1,wearpd
nls172,1,1,wearpd
nls172,1,1,wearpd
nls172,1,2,wearpd
nls172,1,2,wearpd
nls172,1,2,wearpd
nls172,1,2,wearpd
nls172,1,2,wearpd
nls172,1,2,wearpd
nls172,1,2,wearpd
nls172,1,2,wearpd
nls172,1,2,wearpd
nls172,1,2,wearpd
nls172,1,2,wearpd
nls172,1,2,wearpd
nls172,1,2,wearpd
nls172,1,2,wearpd
nls172,1,2,wearpd
nls172,1,2,wearpd
nls172,1,2,wearpd
nls172,1,2,wearpd
nls172,1,2,wearpd
nls172,1,2,wearpd
nls172,1,2,wearpd
nls172,1,2,wearpd
nls172,1,2,wearpd
nls172,1,2,wearpd
nls172,1,2,wearpd
nls172,1,2,wearpd
nls172,1,2,wearpd
nls172,1,2,wearpd
nls172,1,2,wearpd
nls172,1,2,wearpd
nls172,1,2,wearpd
nls172,1,2,wearpd
nls172,1,2,wearpd
nls172,1,2,wearpd
nls172,1,2,wearpd
nls172,1,2,wearpd
nls172,1,2,wearpd
nls172,1,2,wearpd
nls172,1,2,wearpd
nls173,1,0,wearpd
nls173,1,0,wearpd
nls173,1,0,wearpd
nls173,1,0,wearpd
nls173,1,0,wearpd
nls173,1,0,wearpd
nls173,1,0,wearpd
nls173,1,0,wearpd
nls173,1,0,wearpd
nls173,1,0,wearpd
nls173,1,1,wearpd
nls173,1,1,wearpd
nls173,1,1,wearpd
nls173,1,1,wearpd
nls173,1,1,wearpd
nls173,1,1,wearpd
nls173,1,1,wearpd
nls173,1,1,wearpd
nls173,1,1,wearpd
nls173,1,2,wearpd
nls173,1,2,wearpd
nls173,1,2,wearpd
nls173,1,2,wearpd
nls173,1,2,wearpd
nls173,1,2,wearpd
nls173,1,2,wearpd
nls173,1,2,wearpd
nls173,1,2,wearpd
nls173,1,2,wearpd
nls173,1,2,wearpd
nls173,1,2,wearpd
nls173,1,2,wearpd
nls173,1,2,wearpd
nls173,1,2,wearpd
nls173,1,2,wearpd
nls173,1,2,wearpd
nls173,1,2,wearpd
nls173,1,2,wearpd
nls173,1,2,wearpd
nls173,1,2,wearpd
nls173,1,2,wearpd
nls173,1,2,wearpd
nls173,1,2,wearpd
nls173,1,2,wearpd
nls173,1,2,wearpd
nls173,1,2,wearpd
nls173,1,2,wearpd
nls173,1,2,wearpd
nls173,1,2,wearpd
nls173,1,2,wearpd
nls173,1,2,wearpd
nls174,1,0,wearpd
nls174,1,0,wearpd
nls174,1,0,wearpd
nls174,1,0,wearpd
nls174,1,0,wearpd
nls174,1,0,wearpd
nls174,1,0,wearpd
nls174,1,0,wearpd
nls174,1,0,wearpd
nls174,1,0,wearpd
nls174,1,1,wearpd
nls174,1,1,wearpd
nls174,1,1,wearpd
nls174,1,1,wearpd
nls174,1,1,wearpd
nls174,1,1,wearpd
nls174,1,1,wearpd
nls174,1,1,wearpd
nls174,1,1,wearpd
nls174,1,2,wearpd
nls174,1,2,wearpd
nls174,1,2,wearpd
nls174,1,2,wearpd
nls174,1,2,wearpd
nls174,1,2,wearpd
nls174,1,2,wearpd
nls174,1,2,wearpd
nls174,1,2,wearpd
nls174,1,2,wearpd
nls174,1,2,wearpd
nls174,1,2,wearpd
nls174,1,2,wearpd
nls174,1,2,wearpd
nls174,1,2,wearpd
nls174,1,2,wearpd
nls174,1,2,wearpd
nls174,1,2,wearpd
nls174,1,2,wearpd
nls174,1,2,wearpd
nls174,1,2,wearpd
nls174,1,2,wearpd
nls174,1,2,wearpd
nls174,1,2,wearpd
nls174,1,2,wearpd
nls174,1,2,wearpd
nls174,1,2,wearpd
nls174,1,2,wearpd
nls174,1,2,wearpd
nls174,1,2,wearpd
nls174,1,2,wearpd
nls174,1,2,wearpd
nls174,1,2,wearpd
nls175,1,0,wearpd
nls175,1,0,wearpd
nls175,1,0,wearpd
nls175,1,0,wearpd
nls175,1,0,wearpd
nls175,1,0,wearpd
nls175,1,0,wearpd
nls175,1,1,wearpd
nls175,1,1,wearpd
nls175,1,1,wearpd
nls175,1,1,wearpd
nls175,1,1,wearpd
nls175,1,1,wearpd
nls175,1,1,wearpd
nls175,1,2,wearpd
nls175,1,2,wearpd
nls175,1,2,wearpd
nls175,1,2,wearpd
nls175,1,2,wearpd
nls175,1,2,wearpd
nls175,1,2,wearpd
nls175,1,2,wearpd
nls175,1,2,wearpd
nls175,1,2,wearpd
nls175,1,2,wearpd
nls175,1,2,wearpd
nls175,1,2,wearpd
nls175,1,2,wearpd
nls175,1,2,wearpd
nls175,1,2,wearpd
nls175,1,2,wearpd
nls175,1,2,wearpd
nls175,1,2,wearpd
nls175,1,2,wearpd
nls175,1,2,wearpd
nls175,1,2,wearpd
nls175,1,2,wearpd
nls176,1,0,wearpd
nls176,1,0,wearpd
nls176,1,0,wearpd
nls176,1,0,wearpd
nls176,1,0,wearpd
nls176,1,0,wearpd
nls176,1,0,wearpd
nls176,1,0,wearpd
nls176,1,0,wearpd
nls176,1,1,wearpd
nls176,1,1,wearpd
nls176,1,1,wearpd
nls176,1,1,wearpd
nls176,1,1,wearpd
nls176,1,1,wearpd
nls176,1,1,wearpd
nls176,1,1,wearpd
nls176,1,2,wearpd
nls176,1,2,wearpd
nls176,1,2,wearpd
nls176,1,2,wearpd
nls176,1,2,wearpd
nls176,1,2,wearpd
nls176,1,2,wearpd
nls176,1,2,wearpd
nls176,1,2,wearpd
nls176,1,2,wearpd
nls176,1,2,wearpd
nls176,1,2,wearpd
nls176,1,2,wearpd
nls176,1,2,wearpd
nls176,1,2,wearpd
nls176,1,2,wearpd
nls176,1,2,wearpd
nls176,1,2,wearpd
nls176,1,2,wearpd
nls176,1,2,wearpd
nls176,1,2,wearpd
nls176,1,2,wearpd
nls176,1,2,wearpd
nls176,1,2,wearpd
nls176,1,2,wearpd
nls176,1,2,wearpd
nls177,1,0,wearpd
nls177,1,0,wearpd
nls177,1,0,wearpd
nls177,1,0,wearpd
nls177,1,0,wearpd
nls177,1,0,wearpd
nls177,1,0,wearpd
nls177,1,1,wearpd
nls177,1,1,wearpd
nls177,1,1,wearpd
nls177,1,1,wearpd
nls177,1,1,wearpd
nls177,1,1,wearpd
nls177,1,1,wearpd
nls177,1,1,wearpd
nls177,1,2,wearpd
nls177,1,2,wearpd
nls177,1,2,wearpd
nls177,1,2,wearpd
nls177,1,2,wearpd
nls177,1,2,wearpd
nls177,1,2,wearpd
nls177,1,2,wearpd
nls177,1,2,wearpd
nls177,1,2,wearpd
nls177,1,2,wearpd
nls177,1,2,wearpd
nls177,1,2,wearpd
nls177,1,2,wearpd
nls177,1,2,wearpd
nls177,1,2,wearpd
nls177,1,2,wearpd
nls177,1,2,wearpd
nls177,1,2,wearpd
nls177,1,2,wearpd
nls177,1,2,wearpd
nls177,1,2,wearpd
nls177,1,2,wearpd
nls177,1,2,wearpd
nls179,1,0,wearpd
nls179,1,0,wearpd
nls179,1,0,wearpd
nls179,1,0,wearpd
nls179,1,0,wearpd
nls179,1,0,wearpd
nls179,1,0,wearpd
nls179,1,0,wearpd
nls179,1,0,wearpd
nls179,1,0,wearpd
nls179,1,1,wearpd
nls179,1,1,wearpd
nls179,1,1,wearpd
nls179,1,1,wearpd
nls179,1,1,wearpd
nls179,1,1,wearpd
nls179,1,1,wearpd
nls179,1,1,wearpd
nls179,1,1,wearpd
nls179,1,1,wearpd
nls179,1,2,wearpd
nls179,1,2,wearpd
nls179,1,2,wearpd
nls179,1,2,wearpd
nls179,1,2,wearpd
nls179,1,2,wearpd
nls179,1,2,wearpd
nls179,1,2,wearpd
nls179,1,2,wearpd
nls179,1,2,wearpd
nls179,1,2,wearpd
nls179,1,2,wearpd
nls179,1,2,wearpd
nls179,1,2,wearpd
nls179,1,2,wearpd
nls179,1,2,wearpd
nls179,1,2,wearpd
nls179,1,2,wearpd
nls179,1,2,wearpd
nls179,1,2,wearpd
nls179,1,2,wearpd
nls179,1,2,wearpd
nls179,1,2,wearpd
nls179,1,2,wearpd
nls179,1,2,wearpd
nls179,1,2,wearpd
nls179,1,2,wearpd
nls179,1,2,wearpd
nls179,1,2,wearpd
nls182,1,0,wearpd
nls182,1,0,wearpd
nls182,1,0,wearpd
nls182,1,0,wearpd
nls182,1,0,wearpd
nls182,1,0,wearpd
nls182,1,1,wearpd
nls182,1,1,wearpd
nls182,1,1,wearpd
nls182,1,1,wearpd
nls182,1,1,wearpd
nls182,1,1,wearpd
nls182,1,2,wearpd
nls182,1,2,wearpd
nls182,1,2,wearpd
nls182,1,2,wearpd
nls182,1,2,wearpd
nls182,1,2,wearpd
nls182,1,2,wearpd
nls182,1,2,wearpd
nls182,1,2,wearpd
nls182,1,2,wearpd
nls182,1,2,wearpd
nls182,1,2,wearpd
nls182,1,2,wearpd
nls182,1,2,wearpd
nls182,1,2,wearpd
nls182,1,2,wearpd
nls182,1,2,wearpd
nls182,1,2,wearpd
nls182,1,2,wearpd
nls182,1,2,wearpd
nls182,1,2,wearpd
nls182,1,2,wearpd
nls182,1,2,wearpd
nls182,1,2,wearpd
nls182,1,2,wearpd
nls183,1,0,wearpd
nls183,1,0,wearpd
nls183,1,0,wearpd
nls183,1,0,wearpd
nls183,1,0,wearpd
nls183,1,0,wearpd
nls183,1,0,wearpd
nls183,1,0,wearpd
nls183,1,0,wearpd
nls183,1,1,wearpd
nls183,1,1,wearpd
nls183,1,1,wearpd
nls183,1,1,wearpd
nls183,1,1,wearpd
nls183,1,1,wearpd
nls183,1,1,wearpd
nls183,1,1,wearpd
nls183,1,2,wearpd
nls183,1,2,wearpd
nls183,1,2,wearpd
nls183,1,2,wearpd
nls183,1,2,wearpd
nls183,1,2,wearpd
nls183,1,2,wearpd
nls183,1,2,wearpd
nls183,1,2,wearpd
nls183,1,2,wearpd
nls183,1,2,wearpd
nls183,1,2,wearpd
nls183,1,2,wearpd
nls183,1,2,wearpd
nls183,1,2,wearpd
nls183,1,2,wearpd
nls183,1,2,wearpd
nls183,1,2,wearpd
nls183,1,2,wearpd
nls183,1,2,wearpd
nls183,1,2,wearpd
nls183,1,2,wearpd
nls183,1,2,wearpd
nls183,1,2,wearpd
nls184,1,0,wearpd
nls184,1,0,wearpd
nls184,1,0,wearpd
nls184,1,0,wearpd
nls184,1,0,wearpd
nls184,1,0,wearpd
nls184,1,0,wearpd
nls184,1,0,wearpd
nls184,1,1,wearpd
nls184,1,1,wearpd
nls184,1,1,wearpd
nls184,1,1,wearpd
nls184,1,1,wearpd
nls184,1,1,wearpd
nls184,1,1,wearpd
nls184,1,1,wearpd
nls184,1,1,wearpd
nls184,1,2,wearpd
nls184,1,2,wearpd
nls184,1,2,wearpd
nls184,1,2,wearpd
nls184,1,2,wearpd
nls184,1,2,wearpd
nls184,1,2,wearpd
nls184,1,2,wearpd
nls184,1,2,wearpd
nls184,1,2,wearpd
nls184,1,2,wearpd
nls184,1,2,wearpd
nls184,1,2,wearpd
nls184,1,2,wearpd
nls184,1,2,wearpd
nls184,1,2,wearpd
nls184,1,2,wearpd
nls184,1,2,wearpd
nls184,1,2,wearpd
nls184,1,2,wearpd
nls184,1,2,wearpd
nls184,1,2,wearpd
nls184,1,2,wearpd
nls184,1,2,wearpd
nls184,1,2,wearpd
nls184,1,2,wearpd
nls184,1,2,wearpd
nls185,1,0,wearpd
nls185,1,0,wearpd
nls185,1,0,wearpd
nls185,1,0,wearpd
nls185,1,0,wearpd
nls185,1,0,wearpd
nls185,1,0,wearpd
nls185,1,0,wearpd
nls185,1,0,wearpd
nls185,1,1,wearpd
nls185,1,1,wearpd
nls185,1,1,wearpd
nls185,1,1,wearpd
nls185,1,1,wearpd
nls185,1,1,wearpd
nls185,1,1,wearpd
nls185,1,1,wearpd
nls185,1,1,wearpd
nls185,1,1,wearpd
nls185,1,2,wearpd
nls185,1,2,wearpd
nls185,1,2,wearpd
nls185,1,2,wearpd
nls185,1,2,wearpd
nls185,1,2,wearpd
nls185,1,2,wearpd
nls185,1,2,wearpd
nls185,1,2,wearpd
nls185,1,2,wearpd
nls185,1,2,wearpd
nls185,1,2,wearpd
nls185,1,2,wearpd
nls185,1,2,wearpd
nls185,1,2,wearpd
nls185,1,2,wearpd
nls185,1,2,wearpd
nls185,1,2,wearpd
nls185,1,2,wearpd
nls185,1,2,wearpd
nls185,1,2,wearpd
nls185,1,2,wearpd
nls185,1,2,wearpd
nls185,1,2,wearpd
nls185,1,2,wearpd
nls185,1,2,wearpd
nls185,1,2,wearpd
nls185,1,2,wearpd
nls185,1,2,wearpd
nls185,1,2,wearpd
nls185,1,2,wearpd
nls185,1,2,wearpd
nls185,1,2,wearpd
nls185,1,2,wearpd
nls186,1,0,wearpd
nls186,1,0,wearpd
nls186,1,0,wearpd
nls186,1,0,wearpd
nls186,1,0,wearpd
nls186,1,0,wearpd
nls186,1,0,wearpd
nls186,1,0,wearpd
nls186,1,1,wearpd
nls186,1,1,wearpd
nls186,1,1,wearpd
nls186,1,1,wearpd
nls186,1,1,wearpd
nls186,1,1,wearpd
nls186,1,1,wearpd
nls186,1,2,wearpd
nls186,1,2,wearpd
nls186,1,2,wearpd
nls186,1,2,wearpd
nls186,1,2,wearpd
nls186,1,2,wearpd
nls186,1,2,wearpd
nls186,1,2,wearpd
nls186,1,2,wearpd
nls186,1,2,wearpd
nls186,1,2,wearpd
nls186,1,2,wearpd
nls186,1,2,wearpd
nls186,1,2,wearpd
nls186,1,2,wearpd
nls186,1,2,wearpd
nls186,1,2,wearpd
nls186,1,2,wearpd
nls186,1,2,wearpd
nls186,1,2,wearpd
nls186,1,2,wearpd
nls186,1,2,wearpd
nls186,1,2,wearpd
nls186,1,2,wearpd
nls186,1,2,wearpd
nls186,1,2,wearpd
nls186,1,2,wearpd
nls187,1,0,wearpd
nls187,1,0,wearpd
nls187,1,0,wearpd
nls187,1,0,wearpd
nls187,1,0,wearpd
nls187,1,0,wearpd
nls187,1,0,wearpd
nls187,1,0,wearpd
nls187,1,0,wearpd
nls187,1,1,wearpd
nls187,1,1,wearpd
nls187,1,1,wearpd
nls187,1,1,wearpd
nls187,1,1,wearpd
nls187,1,1,wearpd
nls187,1,1,wearpd
nls187,1,1,wearpd
nls187,1,2,wearpd
nls187,1,2,wearpd
nls187,1,2,wearpd
nls187,1,2,wearpd
nls187,1,2,wearpd
nls187,1,2,wearpd
nls187,1,2,wearpd
nls187,1,2,wearpd
nls187,1,2,wearpd
nls187,1,2,wearpd
nls187,1,2,wearpd
nls187,1,2,wearpd
nls187,1,2,wearpd
nls187,1,2,wearpd
nls187,1,2,wearpd
nls187,1,2,wearpd
nls187,1,2,wearpd
nls187,1,2,wearpd
nls187,1,2,wearpd
nls187,1,2,wearpd
nls187,1,2,wearpd
nls187,1,2,wearpd
nls187,1,2,wearpd
nls187,1,2,wearpd
nls187,1,2,wearpd
nls187,1,2,wearpd
nls187,1,2,wearpd
nls187,1,2,wearpd
nls187,1,2,wearpd
nls187,1,2,wearpd
nls187,1,2,wearpd
nls187,1,2,wearpd
nls187,1,2,wearpd
nls188,1,0,wearpd
nls188,1,0,wearpd
nls188,1,0,wearpd
nls188,1,0,wearpd
nls188,1,0,wearpd
nls188,1,0,wearpd
nls188,1,0,wearpd
nls188,1,0,wearpd
nls188,1,1,wearpd
nls188,1,1,wearpd
nls188,1,1,wearpd
nls188,1,1,wearpd
nls188,1,1,wearpd
nls188,1,1,wearpd
nls188,1,1,wearpd
nls188,1,1,wearpd
nls188,1,2,wearpd
nls188,1,2,wearpd
nls188,1,2,wearpd
nls188,1,2,wearpd
nls188,1,2,wearpd
nls188,1,2,wearpd
nls188,1,2,wearpd
nls188,1,2,wearpd
nls188,1,2,wearpd
nls188,1,2,wearpd
nls188,1,2,wearpd
nls188,1,2,wearpd
nls188,1,2,wearpd
nls188,1,2,wearpd
nls188,1,2,wearpd
nls188,1,2,wearpd
nls188,1,2,wearpd
nls188,1,2,wearpd
nls188,1,2,wearpd
nls188,1,2,wearpd
nls188,1,2,wearpd
nls188,1,2,wearpd
nls188,1,2,wearpd
nls188,1,2,wearpd
nls188,1,2,wearpd
nls188,1,2,wearpd
nls188,1,2,wearpd
nls188,1,2,wearpd
nls189,1,0,wearpd
nls189,1,0,wearpd
nls189,1,0,wearpd
nls189,1,0,wearpd
nls189,1,0,wearpd
nls189,1,0,wearpd
nls189,1,0,wearpd
nls189,1,0,wearpd
nls189,1,0,wearpd
nls189,1,1,wearpd
nls189,1,1,wearpd
nls189,1,1,wearpd
nls189,1,1,wearpd
nls189,1,1,wearpd
nls189,1,1,wearpd
nls189,1,1,wearpd
nls189,1,1,wearpd
nls189,1,2,wearpd
nls189,1,2,wearpd
nls189,1,2,wearpd
nls189,1,2,wearpd
nls189,1,2,wearpd
nls189,1,2,wearpd
nls189,1,2,wearpd
nls189,1,2,wearpd
nls189,1,2,wearpd
nls189,1,2,wearpd
nls189,1,2,wearpd
nls189,1,2,wearpd
nls189,1,2,wearpd
nls189,1,2,wearpd
nls189,1,2,wearpd
nls189,1,2,wearpd
nls189,1,2,wearpd
nls189,1,2,wearpd
nls189,1,2,wearpd
nls189,1,2,wearpd
nls189,1,2,wearpd
nls189,1,2,wearpd
nls189,1,2,wearpd
nls189,1,2,wearpd
nls189,1,2,wearpd
nls189,1,2,wearpd
nls189,1,2,wearpd
nls189,1,2,wearpd
nls189,1,2,wearpd
nls190,1,0,wearpd
nls190,1,0,wearpd
nls190,1,0,wearpd
nls190,1,0,wearpd
nls190,1,0,wearpd
nls190,1,0,wearpd
nls190,1,0,wearpd
nls190,1,0,wearpd
nls190,1,1,wearpd
nls190,1,1,wearpd
nls190,1,1,wearpd
nls190,1,1,wearpd
nls190,1,1,wearpd
nls190,1,1,wearpd
nls190,1,1,wearpd
nls190,1,1,wearpd
nls190,1,1,wearpd
nls190,1,2,wearpd
nls190,1,2,wearpd
nls190,1,2,wearpd
nls190,1,2,wearpd
nls190,1,2,wearpd
nls190,1,2,wearpd
nls190,1,2,wearpd
nls190,1,2,wearpd
nls190,1,2,wearpd
nls190,1,2,wearpd
nls190,1,2,wearpd
nls190,1,2,wearpd
nls190,1,2,wearpd
nls190,1,2,wearpd
nls190,1,2,wearpd
nls190,1,2,wearpd
nls190,1,2,wearpd
nls190,1,2,wearpd
nls190,1,2,wearpd
nls190,1,2,wearpd
nls190,1,2,wearpd
nls190,1,2,wearpd
nls190,1,2,wearpd
nls190,1,2,wearpd
nls190,1,2,wearpd
nls190,1,2,wearpd
nls190,1,2,wearpd
nls190,1,2,wearpd
nls191,1,0,wearpd
nls191,1,0,wearpd
nls191,1,0,wearpd
nls191,1,0,wearpd
nls191,1,0,wearpd
nls191,1,0,wearpd
nls191,1,0,wearpd
nls191,1,0,wearpd
nls191,1,0,wearpd
nls191,1,1,wearpd
nls191,1,1,wearpd
nls191,1,1,wearpd
nls191,1,1,wearpd
nls191,1,1,wearpd
nls191,1,1,wearpd
nls191,1,1,wearpd
nls191,1,1,wearpd
nls191,1,2,wearpd
nls191,1,2,wearpd
nls191,1,2,wearpd
nls191,1,2,wearpd
nls191,1,2,wearpd
nls191,1,2,wearpd
nls191,1,2,wearpd
nls191,1,2,wearpd
nls191,1,2,wearpd
nls191,1,2,wearpd
nls191,1,2,wearpd
nls191,1,2,wearpd
nls191,1,2,wearpd
nls191,1,2,wearpd
nls191,1,2,wearpd
nls191,1,2,wearpd
nls191,1,2,wearpd
nls191,1,2,wearpd
nls191,1,2,wearpd
nls191,1,2,wearpd
nls191,1,2,wearpd
nls191,1,2,wearpd
nls191,1,2,wearpd
nls191,1,2,wearpd
nls191,1,2,wearpd
nls191,1,2,wearpd
nls191,1,2,wearpd
nls191,1,2,wearpd
nls191,1,2,wearpd
nls191,1,2,wearpd
nls191,1,2,wearpd
nls192,1,0,wearpd
nls192,1,0,wearpd
nls192,1,0,wearpd
nls192,1,0,wearpd
nls192,1,0,wearpd
nls192,1,0,wearpd
nls192,1,0,wearpd
nls192,1,0,wearpd
nls192,1,1,wearpd
nls192,1,1,wearpd
nls192,1,1,wearpd
nls192,1,1,wearpd
nls192,1,1,wearpd
nls192,1,1,wearpd
nls192,1,1,wearpd
nls192,1,1,wearpd
nls192,1,2,wearpd
nls192,1,2,wearpd
nls192,1,2,wearpd
nls192,1,2,wearpd
nls192,1,2,wearpd
nls192,1,2,wearpd
nls192,1,2,wearpd
nls192,1,2,wearpd
nls192,1,2,wearpd
nls192,1,2,wearpd
nls192,1,2,wearpd
nls192,1,2,wearpd
nls192,1,2,wearpd
nls192,1,2,wearpd
nls192,1,2,wearpd
nls192,1,2,wearpd
nls192,1,2,wearpd
nls192,1,2,wearpd
nls192,1,2,wearpd
nls192,1,2,wearpd
nls192,1,2,wearpd
nls192,1,2,wearpd
nls192,1,2,wearpd
nls192,1,2,wearpd
nls192,1,2,wearpd
nls192,1,2,wearpd
nls192,1,2,wearpd
nls192,1,2,wearpd
nls192,1,2,wearpd
nls192,1,2,wearpd
nls195,1,0,wearpd
nls195,1,0,wearpd
nls195,1,0,wearpd
nls195,1,0,wearpd
nls195,1,0,wearpd
nls195,1,0,wearpd
nls195,1,0,wearpd
nls195,1,0,wearpd
nls195,1,0,wearpd
nls195,1,0,wearpd
nls195,1,0,wearpd
nls195,1,1,wearpd
nls195,1,1,wearpd
nls195,1,1,wearpd
nls195,1,1,wearpd
nls195,1,1,wearpd
nls195,1,1,wearpd
nls195,1,1,wearpd
nls195,1,2,wearpd
nls195,1,2,wearpd
nls195,1,2,wearpd
nls195,1,2,wearpd
nls195,1,2,wearpd
nls195,1,2,wearpd
nls195,1,2,wearpd
nls195,1,2,wearpd
nls195,1,2,wearpd
nls195,1,2,wearpd
nls195,1,2,wearpd
nls195,1,2,wearpd
nls195,1,2,wearpd
nls195,1,2,wearpd
nls195,1,2,wearpd
nls195,1,2,wearpd
nls195,1,2,wearpd
nls195,1,2,wearpd
nls195,1,2,wearpd
nls195,1,2,wearpd
nls195,1,2,wearpd
nls195,1,2,wearpd
nls195,1,2,wearpd
nls195,1,2,wearpd
nls196,1,0,wearpd
nls196,1,0,wearpd
nls196,1,0,wearpd
nls196,1,0,wearpd
nls196,1,0,wearpd
nls196,1,0,wearpd
nls196,1,0,wearpd
nls196,1,0,wearpd
nls196,1,0,wearpd
nls196,1,1,wearpd
nls196,1,1,wearpd
nls196,1,1,wearpd
nls196,1,1,wearpd
nls196,1,1,wearpd
nls196,1,1,wearpd
nls196,1,1,wearpd
nls196,1,1,wearpd
nls196,1,1,wearpd
nls196,1,1,wearpd
nls196,1,1,wearpd
nls196,1,1,wearpd
nls196,1,2,wearpd
nls196,1,2,wearpd
nls196,1,2,wearpd
nls196,1,2,wearpd
nls196,1,2,wearpd
nls196,1,2,wearpd
nls196,1,2,wearpd
nls196,1,2,wearpd
nls196,1,2,wearpd
nls196,1,2,wearpd
nls196,1,2,wearpd
nls196,1,2,wearpd
nls196,1,2,wearpd
nls196,1,2,wearpd
nls196,1,2,wearpd
nls196,1,2,wearpd
nls196,1,2,wearpd
nls196,1,2,wearpd
nls196,1,2,wearpd
nls196,1,2,wearpd
nls196,1,2,wearpd
nls196,1,2,wearpd
nls196,1,2,wearpd
nls196,1,2,wearpd
nls196,1,2,wearpd
nls196,1,2,wearpd
nls196,1,2,wearpd
nls196,1,2,wearpd
nls196,1,2,wearpd
nls196,1,2,wearpd
nls196,1,2,wearpd
nls196,1,2,wearpd
nls196,1,2,wearpd
nls196,1,2,wearpd
nls196,1,2,wearpd
nls196,1,2,wearpd
nls196,1,2,wearpd
nls196,1,2,wearpd
nls196,1,2,wearpd
nls196,1,2,wearpd
nls196,1,2,wearpd
nls196,1,2,wearpd
nls196,1,2,wearpd
nls196,1,2,wearpd
nls196,1,2,wearpd
nls197,1,0,wearpd
nls197,1,0,wearpd
nls197,1,0,wearpd
nls197,1,0,wearpd
nls197,1,0,wearpd
nls197,1,0,wearpd
nls197,1,0,wearpd
nls197,1,0,wearpd
nls197,1,1,wearpd
nls197,1,1,wearpd
nls197,1,1,wearpd
nls197,1,1,wearpd
nls197,1,1,wearpd
nls197,1,1,wearpd
nls197,1,1,wearpd
nls197,1,1,wearpd
nls197,1,2,wearpd
nls197,1,2,wearpd
nls197,1,2,wearpd
nls197,1,2,wearpd
nls197,1,2,wearpd
nls197,1,2,wearpd
nls197,1,2,wearpd
nls197,1,2,wearpd
nls197,1,2,wearpd
nls197,1,2,wearpd
nls197,1,2,wearpd
nls197,1,2,wearpd
nls197,1,2,wearpd
nls197,1,2,wearpd
nls197,1,2,wearpd
nls197,1,2,wearpd
nls197,1,2,wearpd
nls197,1,2,wearpd
nls197,1,2,wearpd
nls197,1,2,wearpd
nls198,1,0,wearpd
nls198,1,0,wearpd
nls198,1,0,wearpd
nls198,1,0,wearpd
nls198,1,0,wearpd
nls198,1,0,wearpd
nls198,1,0,wearpd
nls198,1,0,wearpd
nls198,1,1,wearpd
nls198,1,1,wearpd
nls198,1,1,wearpd
nls198,1,1,wearpd
nls198,1,1,wearpd
nls198,1,1,wearpd
nls198,1,1,wearpd
nls198,1,1,wearpd
nls198,1,2,wearpd
nls198,1,2,wearpd
nls198,1,2,wearpd
nls198,1,2,wearpd
nls198,1,2,wearpd
nls198,1,2,wearpd
nls198,1,2,wearpd
nls198,1,2,wearpd
nls198,1,2,wearpd
nls198,1,2,wearpd
nls198,1,2,wearpd
nls198,1,2,wearpd
nls198,1,2,wearpd
nls198,1,2,wearpd
nls198,1,2,wearpd
nls198,1,2,wearpd
nls198,1,2,wearpd
nls198,1,2,wearpd
nls198,1,2,wearpd
nls198,1,2,wearpd
nls198,1,2,wearpd
nls198,1,2,wearpd
nls198,1,2,wearpd
nls198,1,2,wearpd
nls198,1,2,wearpd
nls198,1,2,wearpd
nls198,1,2,wearpd
nls198,1,2,wearpd
nls198,1,2,wearpd
nls198,1,2,wearpd
nls198,1,2,wearpd
nls198,1,2,wearpd
nls198,1,2,wearpd
nls198,1,2,wearpd
nls198,1,2,wearpd
nls198,1,2,wearpd
nls198,1,2,wearpd
nls198,1,2,wearpd
nls198,1,2,wearpd
nls198,1,2,wearpd
nls198,1,2,wearpd
nls198,1,2,wearpd
nls201,1,0,wearpd
nls201,1,0,wearpd
nls201,1,0,wearpd
nls201,1,0,wearpd
nls201,1,0,wearpd
nls201,1,0,wearpd
nls201,1,0,wearpd
nls201,1,0,wearpd
nls201,1,0,wearpd
nls201,1,0,wearpd
nls201,1,1,wearpd
nls201,1,1,wearpd
nls201,1,1,wearpd
nls201,1,1,wearpd
nls201,1,1,wearpd
nls201,1,1,wearpd
nls201,1,1,wearpd
nls201,1,1,wearpd
nls201,1,1,wearpd
nls201,1,1,wearpd
nls201,1,1,wearpd
nls201,1,2,wearpd
nls201,1,2,wearpd
nls201,1,2,wearpd
nls201,1,2,wearpd
nls201,1,2,wearpd
nls201,1,2,wearpd
nls201,1,2,wearpd
nls201,1,2,wearpd
nls201,1,2,wearpd
nls201,1,2,wearpd
nls201,1,2,wearpd
nls201,1,2,wearpd
nls201,1,2,wearpd
nls201,1,2,wearpd
nls201,1,2,wearpd
nls201,1,2,wearpd
nls201,1,2,wearpd
nls201,1,2,wearpd
nls201,1,2,wearpd
nls201,1,2,wearpd
nls201,1,2,wearpd
nls201,1,2,wearpd
nls201,1,2,wearpd
nls201,1,2,wearpd
nls201,1,2,wearpd
nls201,1,2,wearpd
nls201,1,2,wearpd
nls201,1,2,wearpd
nls201,1,2,wearpd
nls201,1,2,wearpd
nls201,1,2,wearpd
nls201,1,2,wearpd
nls201,1,2,wearpd
nls201,1,2,wearpd
nls201,1,2,wearpd
nls201,1,2,wearpd
nls201,1,2,wearpd
nls201,1,2,wearpd
nls201,1,2,wearpd
nls201,1,2,wearpd
nls201,1,2,wearpd
nls201,1,2,wearpd
nls201,1,2,wearpd
nls201,1,2,wearpd
nls201,1,2,wearpd
nls201,1,2,wearpd
nls201,1,2,wearpd
nls201,1,2,wearpd
nls201,1,2,wearpd
nls201,1,2,wearpd
nls201,1,2,wearpd
nls201,1,2,wearpd
nls201,1,2,wearpd
nls201,1,2,wearpd
nls201,1,2,wearpd
nls201,1,2,wearpd
nls201,1,2,wearpd
nls201,1,2,wearpd
nls201,1,2,wearpd
nls201,1,2,wearpd
nls201,1,2,wearpd
nls201,1,2,wearpd
nls201,1,2,wearpd
nls201,1,2,wearpd
nls201,1,2,wearpd
nls201,1,2,wearpd
nls201,1,2,wearpd
nls201,1,2,wearpd
nls201,1,2,wearpd
nls201,1,2,wearpd
nls201,1,2,wearpd
nls201,1,2,wearpd
nls201,1,2,wearpd
nls201,1,2,wearpd
nls201,1,2,wearpd
nls201,1,2,wearpd
nls201,1,2,wearpd
nls201,1,2,wearpd
nls201,1,2,wearpd
nls201,1,2,wearpd
nls201,1,2,wearpd
nls201,1,2,wearpd
nls201,1,2,wearpd
nls201,1,2,wearpd
nls208,1,0,wearpd
nls208,1,0,wearpd
nls208,1,0,wearpd
nls208,1,0,wearpd
nls208,1,0,wearpd
nls208,1,0,wearpd
nls208,1,0,wearpd
nls208,1,0,wearpd
nls208,1,0,wearpd
nls208,1,0,wearpd
nls208,1,0,wearpd
nls208,1,0,wearpd
nls208,1,0,wearpd
nls208,1,0,wearpd
nls208,1,0,wearpd
nls208,1,0,wearpd
nls208,1,0,wearpd
nls208,1,0,wearpd
nls208,1,0,wearpd
nls208,1,0,wearpd
nls208,1,0,wearpd
nls208,1,0,wearpd
nls208,1,0,wearpd
nls208,1,1,wearpd
nls208,1,1,wearpd
nls208,1,1,wearpd
nls208,1,1,wearpd
nls208,1,1,wearpd
nls208,1,1,wearpd
nls208,1,1,wearpd
nls208,1,1,wearpd
nls208,1,1,wearpd
nls208,1,1,wearpd
nls208,1,1,wearpd
nls208,1,1,wearpd
nls208,1,1,wearpd
nls208,1,1,wearpd
nls208,1,1,wearpd
nls208,1,1,wearpd
nls208,1,1,wearpd
nls208,1,2,wearpd
nls208,1,2,wearpd
nls208,1,2,wearpd
nls208,1,2,wearpd
nls208,1,2,wearpd
nls208,1,2,wearpd
nls208,1,2,wearpd
nls208,1,2,wearpd
nls208,1,2,wearpd
nls208,1,2,wearpd
nls208,1,2,wearpd
nls208,1,2,wearpd
nls208,1,2,wearpd
nls208,1,2,wearpd
nls208,1,2,wearpd
nls208,1,2,wearpd
nls208,1,2,wearpd
nls208,1,2,wearpd
nls208,1,2,wearpd
nls208,1,2,wearpd
nls208,1,2,wearpd
nls208,1,2,wearpd
nls208,1,2,wearpd
nls208,1,2,wearpd
nls208,1,2,wearpd
nls208,1,2,wearpd
nls208,1,2,wearpd
nls208,1,2,wearpd
nls208,1,2,wearpd
nls208,1,2,wearpd
nls208,1,2,wearpd
nls208,1,2,wearpd
nls208,1,2,wearpd
nls208,1,2,wearpd
nls208,1,2,wearpd
nls208,1,2,wearpd
nls208,1,2,wearpd
nls208,1,2,wearpd
nls209,1,0,wearpd
nls209,1,0,wearpd
nls209,1,0,wearpd
nls209,1,0,wearpd
nls209,1,0,wearpd
nls209,1,0,wearpd
nls209,1,0,wearpd
nls209,1,0,wearpd
nls209,1,0,wearpd
nls209,1,1,wearpd
nls209,1,1,wearpd
nls209,1,1,wearpd
nls209,1,1,wearpd
nls209,1,1,wearpd
nls209,1,1,wearpd
nls209,1,1,wearpd
nls209,1,1,wearpd
nls209,1,2,wearpd
nls209,1,2,wearpd
nls209,1,2,wearpd
nls209,1,2,wearpd
nls209,1,2,wearpd
nls209,1,2,wearpd
nls209,1,2,wearpd
nls209,1,2,wearpd
nls209,1,2,wearpd
nls209,1,2,wearpd
nls209,1,2,wearpd
nls209,1,2,wearpd
nls209,1,2,wearpd
nls209,1,2,wearpd
nls209,1,2,wearpd
nls209,1,2,wearpd
nls209,1,2,wearpd
nls209,1,2,wearpd
nls209,1,2,wearpd
nls209,1,2,wearpd
nls209,1,2,wearpd
nls209,1,2,wearpd
nls209,1,2,wearpd
nls209,1,2,wearpd
nls209,1,2,wearpd
nls209,1,2,wearpd
nls209,1,2,wearpd
nls209,1,2,wearpd
nls209,1,2,wearpd
nls209,1,2,wearpd
nls210,1,0,wearpd
nls210,1,0,wearpd
nls210,1,0,wearpd
nls210,1,0,wearpd
nls210,1,0,wearpd
nls210,1,0,wearpd
nls210,1,0,wearpd
nls210,1,0,wearpd
nls210,1,1,wearpd
nls210,1,1,wearpd
nls210,1,1,wearpd
nls210,1,1,wearpd
nls210,1,1,wearpd
nls210,1,1,wearpd
nls210,1,1,wearpd
nls210,1,1,wearpd
nls210,1,2,wearpd
nls210,1,2,wearpd
nls210,1,2,wearpd
nls210,1,2,wearpd
nls210,1,2,wearpd
nls210,1,2,wearpd
nls210,1,2,wearpd
nls210,1,2,wearpd
nls210,1,2,wearpd
nls210,1,2,wearpd
nls210,1,2,wearpd
nls210,1,2,wearpd
nls210,1,2,wearpd
nls210,1,2,wearpd
nls210,1,2,wearpd
nls210,1,2,wearpd
nls210,1,2,wearpd
nls210,1,2,wearpd
nls210,1,2,wearpd
nls210,1,2,wearpd
nls210,1,2,wearpd
nls210,1,2,wearpd
nls210,1,2,wearpd
nls210,1,2,wearpd
nls210,1,2,wearpd
nls210,1,2,wearpd
nls210,1,2,wearpd
nls210,1,2,wearpd
nls210,1,2,wearpd
nls210,1,2,wearpd
nls210,1,2,wearpd
nls210,1,2,wearpd
nls211,1,0,wearpd
nls211,1,0,wearpd
nls211,1,0,wearpd
nls211,1,0,wearpd
nls211,1,0,wearpd
nls211,1,0,wearpd
nls211,1,0,wearpd
nls211,1,0,wearpd
nls211,1,0,wearpd
nls211,1,0,wearpd
nls211,1,1,wearpd
nls211,1,1,wearpd
nls211,1,1,wearpd
nls211,1,1,wearpd
nls211,1,1,wearpd
nls211,1,1,wearpd
nls211,1,1,wearpd
nls211,1,1,wearpd
nls211,1,2,wearpd
nls211,1,2,wearpd
nls211,1,2,wearpd
nls211,1,2,wearpd
nls211,1,2,wearpd
nls211,1,2,wearpd
nls211,1,2,wearpd
nls211,1,2,wearpd
nls211,1,2,wearpd
nls211,1,2,wearpd
nls211,1,2,wearpd
nls211,1,2,wearpd
nls211,1,2,wearpd
nls211,1,2,wearpd
nls211,1,2,wearpd
nls211,1,2,wearpd
nls211,1,2,wearpd
nls211,1,2,wearpd
nls211,1,2,wearpd
nls211,1,2,wearpd
nls211,1,2,wearpd
nls211,1,2,wearpd
nls211,1,2,wearpd
nls211,1,2,wearpd
nls211,1,2,wearpd
nls211,1,2,wearpd
nls211,1,2,wearpd
nls211,1,2,wearpd
nls211,1,2,wearpd
nls211,1,2,wearpd
wpd001,1,0,wearpd
wpd001,1,0,wearpd
wpd001,1,0,wearpd
wpd001,1,0,wearpd
wpd001,1,0,wearpd
wpd001,1,0,wearpd
wpd001,1,0,wearpd
wpd001,1,0,wearpd
wpd001,1,0,wearpd
wpd001,1,1,wearpd
wpd001,1,1,wearpd
wpd001,1,1,wearpd
wpd001,1,1,wearpd
wpd001,1,1,wearpd
wpd001,1,1,wearpd
wpd001,1,1,wearpd
wpd001,1,1,wearpd
wpd001,1,1,wearpd
wpd001,1,2,wearpd
wpd001,1,2,wearpd
wpd001,1,2,wearpd
wpd001,1,2,wearpd
wpd001,1,2,wearpd
wpd001,1,2,wearpd
wpd001,1,2,wearpd
wpd001,1,2,wearpd
wpd001,1,2,wearpd
wpd001,1,2,wearpd
wpd001,1,2,wearpd
wpd001,1,2,wearpd
wpd001,1,2,wearpd
wpd001,1,2,wearpd
wpd001,1,2,wearpd
wpd001,1,2,wearpd
wpd001,1,2,wearpd
wpd001,1,2,wearpd
wpd001,1,2,wearpd
wpd001,1,2,wearpd
wpd001,1,2,wearpd
wpd001,1,2,wearpd
wpd001,1,2,wearpd
wpd001,1,2,wearpd
wpd001,1,2,wearpd
wpd001,1,2,wearpd
wpd001,1,2,wearpd
wpd001,1,2,wearpd
wpd001,1,2,wearpd
wpd001,1,2,wearpd
wpd001,1,2,wearpd
wpd001,1,2,wearpd
wpd001,1,2,wearpd
wpd001,1,2,wearpd
wpd001,1,2,wearpd
wpd001,1,2,wearpd
wpd001,1,2,wearpd
wpd001,1,2,wearpd
wpd002,1,0,wearpd
wpd002,1,0,wearpd
wpd002,1,0,wearpd
wpd002,1,0,wearpd
wpd002,1,0,wearpd
wpd002,1,0,wearpd
wpd002,1,0,wearpd
wpd002,1,0,wearpd
wpd002,1,2,wearpd
wpd002,1,2,wearpd
wpd002,1,2,wearpd
wpd002,1,2,wearpd
wpd002,1,2,wearpd
wpd002,1,2,wearpd
wpd002,1,2,wearpd
wpd002,1,2,wearpd
wpd002,1,2,wearpd
wpd002,1,2,wearpd
wpd002,1,2,wearpd
wpd002,1,2,wearpd
wpd002,1,2,wearpd
wpd002,1,2,wearpd
wpd002,1,2,wearpd
wpd002,1,2,wearpd
wpd002,1,2,wearpd
wpd002,1,2,wearpd
wpd002,1,2,wearpd
wpd002,1,2,wearpd
wpd002,1,2,wearpd
wpd002,1,2,wearpd
wpd002,1,2,wearpd
wpd002,1,2,wearpd
wpd002,1,2,wearpd
wpd002,1,2,wearpd
wpd002,1,2,wearpd
wpd002,1,2,wearpd
wpd002,1,2,wearpd
wpd002,1,2,wearpd
wpd002,1,2,wearpd
wpd003,1,0,wearpd
wpd003,1,0,wearpd
wpd003,1,0,wearpd
wpd003,1,0,wearpd
wpd003,1,0,wearpd
wpd003,1,0,wearpd
wpd003,1,0,wearpd
wpd003,1,0,wearpd
wpd003,1,0,wearpd
wpd003,1,1,wearpd
wpd003,1,1,wearpd
wpd003,1,1,wearpd
wpd003,1,1,wearpd
wpd003,1,1,wearpd
wpd003,1,1,wearpd
wpd003,1,1,wearpd
wpd003,1,1,wearpd
wpd003,1,1,wearpd
wpd003,1,2,wearpd
wpd003,1,2,wearpd
wpd003,1,2,wearpd
wpd003,1,2,wearpd
wpd003,1,2,wearpd
wpd003,1,2,wearpd
wpd003,1,2,wearpd
wpd003,1,2,wearpd
wpd003,1,2,wearpd
wpd003,1,2,wearpd
wpd003,1,2,wearpd
wpd003,1,2,wearpd
wpd003,1,2,wearpd
wpd003,1,2,wearpd
wpd003,1,2,wearpd
wpd003,1,2,wearpd
wpd003,1,2,wearpd
wpd003,1,2,wearpd
wpd003,1,2,wearpd
wpd003,1,2,wearpd
wpd003,1,2,wearpd
wpd003,1,2,wearpd
wpd003,1,2,wearpd
wpd003,1,2,wearpd
wpd003,1,2,wearpd
wpd003,1,2,wearpd
wpd003,1,2,wearpd
wpd003,1,2,wearpd
wpd003,1,2,wearpd
wpd003,1,2,wearpd
wpd003,1,2,wearpd
wpd003,1,2,wearpd
wpd003,1,2,wearpd
wpd003,1,2,wearpd
wpd003,1,2,wearpd
wpd003,1,2,wearpd
wpd003,1,2,wearpd
wpd003,1,2,wearpd
wpd003,1,2,wearpd
wpd003,1,2,wearpd
wpd003,1,2,wearpd
wpd003,1,2,wearpd
wpd004,1,0,wearpd
wpd004,1,0,wearpd
wpd004,1,0,wearpd
wpd004,1,0,wearpd
wpd004,1,0,wearpd
wpd004,1,0,wearpd
wpd004,1,0,wearpd
wpd004,1,0,wearpd
wpd004,1,1,wearpd
wpd004,1,1,wearpd
wpd004,1,1,wearpd
wpd004,1,1,wearpd
wpd004,1,1,wearpd
wpd004,1,1,wearpd
wpd004,1,1,wearpd
wpd004,1,1,wearpd
wpd004,1,2,wearpd
wpd004,1,2,wearpd
wpd004,1,2,wearpd
wpd004,1,2,wearpd
wpd004,1,2,wearpd
wpd004,1,2,wearpd
wpd004,1,2,wearpd
wpd004,1,2,wearpd
wpd004,1,2,wearpd
wpd004,1,2,wearpd
wpd004,1,2,wearpd
wpd004,1,2,wearpd
wpd004,1,2,wearpd
wpd004,1,2,wearpd
wpd004,1,2,wearpd
wpd004,1,2,wearpd
wpd004,1,2,wearpd
wpd004,1,2,wearpd
wpd004,1,2,wearpd
wpd004,1,2,wearpd
wpd004,1,2,wearpd
wpd004,1,2,wearpd
wpd004,1,2,wearpd
wpd004,1,2,wearpd
wpd004,1,2,wearpd
wpd004,1,2,wearpd
wpd004,1,2,wearpd
wpd004,1,2,wearpd
wpd004,1,2,wearpd
wpd004,1,2,wearpd
wpd004,1,2,wearpd
wpd004,1,2,wearpd
wpd004,1,2,wearpd
wpd004,1,2,wearpd
wpd004,1,2,wearpd
wpd004,1,2,wearpd
wpd004,1,2,wearpd
wpd005,1,0,wearpd
wpd005,1,0,wearpd
wpd005,1,0,wearpd
wpd005,1,0,wearpd
wpd005,1,0,wearpd
wpd005,1,0,wearpd
wpd005,1,0,wearpd
wpd005,1,0,wearpd
wpd005,1,1,wearpd
wpd005,1,1,wearpd
wpd005,1,1,wearpd
wpd005,1,1,wearpd
wpd005,1,1,wearpd
wpd005,1,1,wearpd
wpd005,1,1,wearpd
wpd005,1,1,wearpd
wpd005,1,1,wearpd
wpd005,1,2,wearpd
wpd005,1,2,wearpd
wpd005,1,2,wearpd
wpd005,1,2,wearpd
wpd005,1,2,wearpd
wpd005,1,2,wearpd
wpd005,1,2,wearpd
wpd005,1,2,wearpd
wpd005,1,2,wearpd
wpd005,1,2,wearpd
wpd005,1,2,wearpd
wpd005,1,2,wearpd
wpd005,1,2,wearpd
wpd005,1,2,wearpd
wpd005,1,2,wearpd
wpd005,1,2,wearpd
wpd005,1,2,wearpd
wpd005,1,2,wearpd
wpd005,1,2,wearpd
wpd005,1,2,wearpd
wpd005,1,2,wearpd
wpd005,1,2,wearpd
wpd005,1,2,wearpd
wpd005,1,2,wearpd
wpd005,1,2,wearpd
wpd006,1,0,wearpd
wpd006,1,0,wearpd
wpd006,1,0,wearpd
wpd006,1,0,wearpd
wpd006,1,0,wearpd
wpd006,1,0,wearpd
wpd006,1,0,wearpd
wpd006,1,0,wearpd
wpd006,1,0,wearpd
wpd006,1,1,wearpd
wpd006,1,1,wearpd
wpd006,1,1,wearpd
wpd006,1,1,wearpd
wpd006,1,1,wearpd
wpd006,1,1,wearpd
wpd006,1,1,wearpd
wpd006,1,1,wearpd
wpd006,1,1,wearpd
wpd006,1,1,wearpd
wpd006,1,1,wearpd
wpd006,1,2,wearpd
wpd006,1,2,wearpd
wpd006,1,2,wearpd
wpd006,1,2,wearpd
wpd006,1,2,wearpd
wpd006,1,2,wearpd
wpd006,1,2,wearpd
wpd006,1,2,wearpd
wpd006,1,2,wearpd
wpd006,1,2,wearpd
wpd006,1,2,wearpd
wpd006,1,2,wearpd
wpd006,1,2,wearpd
wpd006,1,2,wearpd
wpd006,1,2,wearpd
wpd006,1,2,wearpd
wpd006,1,2,wearpd
wpd006,1,2,wearpd
wpd006,1,2,wearpd
wpd006,1,2,wearpd
wpd006,1,2,wearpd
wpd006,1,2,wearpd
wpd006,1,2,wearpd
wpd006,1,2,wearpd
wpd006,1,2,wearpd
wpd006,1,2,wearpd
wpd006,1,2,wearpd
wpd006,1,2,wearpd
wpd006,1,2,wearpd
wpd006,1,2,wearpd
wpd006,1,2,wearpd
wpd007,1,0,wearpd
wpd007,1,0,wearpd
wpd007,1,0,wearpd
wpd007,1,0,wearpd
wpd007,1,0,wearpd
wpd007,1,0,wearpd
wpd007,1,0,wearpd
wpd007,1,0,wearpd
wpd007,1,1,wearpd
wpd007,1,1,wearpd
wpd007,1,1,wearpd
wpd007,1,1,wearpd
wpd007,1,1,wearpd
wpd007,1,1,wearpd
wpd007,1,1,wearpd
wpd007,1,1,wearpd
wpd007,1,1,wearpd
wpd007,1,1,wearpd
wpd007,1,2,wearpd
wpd007,1,2,wearpd
wpd007,1,2,wearpd
wpd007,1,2,wearpd
wpd007,1,2,wearpd
wpd007,1,2,wearpd
wpd007,1,2,wearpd
wpd007,1,2,wearpd
wpd007,1,2,wearpd
wpd007,1,2,wearpd
wpd007,1,2,wearpd
wpd007,1,2,wearpd
wpd007,1,2,wearpd
wpd007,1,2,wearpd
wpd007,1,2,wearpd
wpd007,1,2,wearpd
wpd007,1,2,wearpd
wpd007,1,2,wearpd
wpd007,1,2,wearpd
wpd007,1,2,wearpd
wpd007,1,2,wearpd
wpd007,1,2,wearpd
wpd007,1,2,wearpd
wpd007,1,2,wearpd
wpd007,1,2,wearpd
wpd007,1,2,wearpd
wpd007,1,2,wearpd
wpd007,1,2,wearpd
wpd007,1,2,wearpd
wpd007,1,2,wearpd
wpd007,1,2,wearpd
wpd007,1,2,wearpd
wpd008,1,0,wearpd
wpd008,1,0,wearpd
wpd008,1,0,wearpd
wpd008,1,0,wearpd
wpd008,1,0,wearpd
wpd008,1,0,wearpd
wpd008,1,0,wearpd
wpd008,1,0,wearpd
wpd008,1,0,wearpd
wpd008,1,1,wearpd
wpd008,1,1,wearpd
wpd008,1,1,wearpd
wpd008,1,1,wearpd
wpd008,1,1,wearpd
wpd008,1,1,wearpd
wpd008,1,1,wearpd
wpd008,1,1,wearpd
wpd008,1,2,wearpd
wpd008,1,2,wearpd
wpd008,1,2,wearpd
wpd008,1,2,wearpd
wpd008,1,2,wearpd
wpd008,1,2,wearpd
wpd008,1,2,wearpd
wpd008,1,2,wearpd
wpd008,1,2,wearpd
wpd008,1,2,wearpd
wpd008,1,2,wearpd
wpd008,1,2,wearpd
wpd008,1,2,wearpd
wpd008,1,2,wearpd
wpd008,1,2,wearpd
wpd008,1,2,wearpd
wpd008,1,2,wearpd
wpd008,1,2,wearpd
wpd008,1,2,wearpd
wpd008,1,2,wearpd
wpd008,1,2,wearpd
wpd008,1,2,wearpd
wpd008,1,2,wearpd
wpd008,1,2,wearpd
wpd008,1,2,wearpd
wpd009,1,0,wearpd
wpd009,1,0,wearpd
wpd009,1,0,wearpd
wpd009,1,0,wearpd
wpd009,1,0,wearpd
wpd009,1,0,wearpd
wpd009,1,0,wearpd
wpd009,1,0,wearpd
wpd009,1,0,wearpd
wpd009,1,0,wearpd
wpd009,1,1,wearpd
wpd009,1,1,wearpd
wpd009,1,1,wearpd
wpd009,1,1,wearpd
wpd009,1,1,wearpd
wpd009,1,1,wearpd
wpd009,1,1,wearpd
wpd009,1,1,wearpd
wpd009,1,1,wearpd
wpd009,1,1,wearpd
wpd009,1,1,wearpd
wpd009,1,2,wearpd
wpd009,1,2,wearpd
wpd009,1,2,wearpd
wpd009,1,2,wearpd
wpd009,1,2,wearpd
wpd009,1,2,wearpd
wpd009,1,2,wearpd
wpd009,1,2,wearpd
wpd009,1,2,wearpd
wpd009,1,2,wearpd
wpd009,1,2,wearpd
wpd009,1,2,wearpd
wpd009,1,2,wearpd
wpd009,1,2,wearpd
wpd009,1,2,wearpd
wpd009,1,2,wearpd
wpd009,1,2,wearpd
wpd009,1,2,wearpd
wpd009,1,2,wearpd
wpd009,1,2,wearpd
wpd009,1,2,wearpd
wpd009,1,2,wearpd
wpd009,1,2,wearpd
wpd009,1,2,wearpd
wpd009,1,2,wearpd
wpd009,1,2,wearpd
wpd009,1,2,wearpd
wpd009,1,2,wearpd
wpd009,1,2,wearpd
wpd009,1,2,wearpd
wpd009,1,2,wearpd
wpd009,1,2,wearpd
wpd009,1,2,wearpd
wpd009,1,2,wearpd
wpd009,1,2,wearpd
wpd009,1,2,wearpd
wpd009,1,2,wearpd
wpd009,1,2,wearpd
wpd009,1,2,wearpd
wpd009,1,2,wearpd
wpd009,1,2,wearpd
wpd009,1,2,wearpd
wpd009,1,2,wearpd
wpd009,1,2,wearpd
wpd009,1,2,wearpd
wpd009,1,2,wearpd
wpd009,1,2,wearpd
wpd009,1,2,wearpd
wpd009,1,2,wearpd
wpd009,1,2,wearpd
wpd009,1,2,wearpd
wpd009,1,2,wearpd
wpd009,1,2,wearpd
wpd009,1,2,wearpd
wpd009,1,2,wearpd
wpd009,1,2,wearpd
wpd009,1,2,wearpd
wpd009,1,2,wearpd
wpd009,1,2,wearpd
wpd009,1,2,wearpd
wpd009,1,2,wearpd
wpd009,1,2,wearpd
wpd009,1,2,wearpd
wpd009,1,2,wearpd
wpd009,1,2,wearpd
wpd009,1,2,wearpd
wpd009,1,2,wearpd
wpd010,1,0,wearpd
wpd010,1,0,wearpd
wpd010,1,0,wearpd
wpd010,1,0,wearpd
wpd010,1,0,wearpd
wpd010,1,0,wearpd
wpd010,1,0,wearpd
wpd010,1,0,wearpd
wpd010,1,1,wearpd
wpd010,1,1,wearpd
wpd010,1,1,wearpd
wpd010,1,1,wearpd
wpd010,1,1,wearpd
wpd010,1,1,wearpd
wpd010,1,1,wearpd
wpd010,1,1,wearpd
wpd010,1,1,wearpd
wpd010,1,1,wearpd
wpd010,1,2,wearpd
wpd010,1,2,wearpd
wpd010,1,2,wearpd
wpd010,1,2,wearpd
wpd010,1,2,wearpd
wpd010,1,2,wearpd
wpd010,1,2,wearpd
wpd010,1,2,wearpd
wpd010,1,2,wearpd
wpd010,1,2,wearpd
wpd010,1,2,wearpd
wpd010,1,2,wearpd
wpd010,1,2,wearpd
wpd010,1,2,wearpd
wpd010,1,2,wearpd
wpd010,1,2,wearpd
wpd010,1,2,wearpd
wpd010,1,2,wearpd
wpd010,1,2,wearpd
wpd010,1,2,wearpd
wpd010,1,2,wearpd
wpd010,1,2,wearpd
wpd010,1,2,wearpd
wpd010,1,2,wearpd
wpd010,1,2,wearpd
wpd010,1,2,wearpd
wpd010,1,2,wearpd
wpd010,1,2,wearpd
wpd010,1,2,wearpd
wpd010,1,2,wearpd
wpd010,1,2,wearpd
wpd010,1,2,wearpd
wpd010,1,2,wearpd
wpd010,1,2,wearpd
wpd010,1,2,wearpd
wpd010,1,2,wearpd
wpd010,1,2,wearpd
wpd011,1,0,wearpd
wpd011,1,0,wearpd
wpd011,1,0,wearpd
wpd011,1,0,wearpd
wpd011,1,0,wearpd
wpd011,1,0,wearpd
wpd011,1,0,wearpd
wpd011,1,0,wearpd
wpd011,1,1,wearpd
wpd011,1,1,wearpd
wpd011,1,1,wearpd
wpd011,1,1,wearpd
wpd011,1,1,wearpd
wpd011,1,1,wearpd
wpd011,1,1,wearpd
wpd011,1,1,wearpd
wpd011,1,1,wearpd
wpd011,1,2,wearpd
wpd011,1,2,wearpd
wpd011,1,2,wearpd
wpd011,1,2,wearpd
wpd011,1,2,wearpd
wpd011,1,2,wearpd
wpd011,1,2,wearpd
wpd011,1,2,wearpd
wpd011,1,2,wearpd
wpd011,1,2,wearpd
wpd011,1,2,wearpd
wpd011,1,2,wearpd
wpd011,1,2,wearpd
wpd011,1,2,wearpd
wpd011,1,2,wearpd
wpd011,1,2,wearpd
wpd011,1,2,wearpd
wpd011,1,2,wearpd
wpd011,1,2,wearpd
wpd011,1,2,wearpd
wpd011,1,2,wearpd
wpd011,1,2,wearpd
wpd011,1,2,wearpd
wpd011,1,2,wearpd
wpd011,1,2,wearpd
wpd011,1,2,wearpd
wpd011,1,2,wearpd
wpd011,1,2,wearpd
wpd011,1,2,wearpd
wpd011,1,2,wearpd
wpd011,1,2,wearpd
wpd011,1,2,wearpd
wpd011,1,2,wearpd
wpd011,1,2,wearpd
wpd011,1,2,wearpd
wpd011,1,2,wearpd
wpd012,1,0,wearpd
wpd012,1,0,wearpd
wpd012,1,0,wearpd
wpd012,1,0,wearpd
wpd012,1,0,wearpd
wpd012,1,0,wearpd
wpd012,1,0,wearpd
wpd012,1,0,wearpd
wpd012,1,1,wearpd
wpd012,1,1,wearpd
wpd012,1,1,wearpd
wpd012,1,1,wearpd
wpd012,1,1,wearpd
wpd012,1,1,wearpd
wpd012,1,1,wearpd
wpd012,1,1,wearpd
wpd012,1,1,wearpd
wpd012,1,2,wearpd
wpd012,1,2,wearpd
wpd012,1,2,wearpd
wpd012,1,2,wearpd
wpd012,1,2,wearpd
wpd012,1,2,wearpd
wpd012,1,2,wearpd
wpd012,1,2,wearpd
wpd012,1,2,wearpd
wpd012,1,2,wearpd
wpd012,1,2,wearpd
wpd012,1,2,wearpd
wpd012,1,2,wearpd
wpd012,1,2,wearpd
wpd012,1,2,wearpd
wpd012,1,2,wearpd
wpd012,1,2,wearpd
wpd012,1,2,wearpd
wpd012,1,2,wearpd
wpd012,1,2,wearpd
wpd012,1,2,wearpd
wpd012,1,2,wearpd
wpd012,1,2,wearpd
wpd012,1,2,wearpd
wpd012,1,2,wearpd
wpd012,1,2,wearpd
wpd012,1,2,wearpd
wpd012,1,2,wearpd
wpd012,1,2,wearpd
wpd012,1,2,wearpd
wpd012,1,2,wearpd
wpd012,1,2,wearpd
wpd012,1,2,wearpd
wpd013,1,0,wearpd
wpd013,1,0,wearpd
wpd013,1,0,wearpd
wpd013,1,0,wearpd
wpd013,1,0,wearpd
wpd013,1,0,wearpd
wpd013,1,0,wearpd
wpd013,1,0,wearpd
wpd013,1,0,wearpd
wpd013,1,1,wearpd
wpd013,1,1,wearpd
wpd013,1,1,wearpd
wpd013,1,1,wearpd
wpd013,1,1,wearpd
wpd013,1,1,wearpd
wpd013,1,1,wearpd
wpd013,1,1,wearpd
wpd013,1,1,wearpd
wpd013,1,1,wearpd
wpd013,1,2,wearpd
wpd013,1,2,wearpd
wpd013,1,2,wearpd
wpd013,1,2,wearpd
wpd013,1,2,wearpd
wpd013,1,2,wearpd
wpd013,1,2,wearpd
wpd013,1,2,wearpd
wpd013,1,2,wearpd
wpd013,1,2,wearpd
wpd013,1,2,wearpd
wpd013,1,2,wearpd
wpd013,1,2,wearpd
wpd013,1,2,wearpd
wpd013,1,2,wearpd
wpd013,1,2,wearpd
wpd013,1,2,wearpd
wpd013,1,2,wearpd
wpd013,1,2,wearpd
wpd013,1,2,wearpd
wpd013,1,2,wearpd
wpd013,1,2,wearpd
wpd013,1,2,wearpd
wpd013,1,2,wearpd
wpd013,1,2,wearpd
wpd013,1,2,wearpd
wpd013,1,2,wearpd
wpd013,1,2,wearpd
wpd013,1,2,wearpd
wpd013,1,2,wearpd
wpd013,1,2,wearpd
wpd013,1,2,wearpd
wpd014,1,0,wearpd
wpd014,1,0,wearpd
wpd014,1,0,wearpd
wpd014,1,0,wearpd
wpd014,1,0,wearpd
wpd014,1,0,wearpd
wpd014,1,0,wearpd
wpd014,1,0,wearpd
wpd014,1,1,wearpd
wpd014,1,1,wearpd
wpd014,1,1,wearpd
wpd014,1,1,wearpd
wpd014,1,1,wearpd
wpd014,1,1,wearpd
wpd014,1,1,wearpd
wpd014,1,1,wearpd
wpd014,1,2,wearpd
wpd014,1,2,wearpd
wpd014,1,2,wearpd
wpd014,1,2,wearpd
wpd014,1,2,wearpd
wpd014,1,2,wearpd
wpd014,1,2,wearpd
wpd014,1,2,wearpd
wpd014,1,2,wearpd
wpd014,1,2,wearpd
wpd014,1,2,wearpd
wpd014,1,2,wearpd
wpd014,1,2,wearpd
wpd014,1,2,wearpd
wpd014,1,2,wearpd
wpd014,1,2,wearpd
wpd014,1,2,wearpd
wpd014,1,2,wearpd
wpd014,1,2,wearpd
wpd014,1,2,wearpd
wpd014,1,2,wearpd
wpd014,1,2,wearpd
wpd014,1,2,wearpd
wpd014,1,2,wearpd
wpd014,1,2,wearpd
wpd014,1,2,wearpd
wpd014,1,2,wearpd
wpd014,1,2,wearpd
wpd014,1,2,wearpd
wpd014,1,2,wearpd
wpd014,1,2,wearpd
wpd014,1,2,wearpd
wpd015,1,0,wearpd
wpd015,1,0,wearpd
wpd015,1,0,wearpd
wpd015,1,0,wearpd
wpd015,1,0,wearpd
wpd015,1,0,wearpd
wpd015,1,0,wearpd
wpd015,1,1,wearpd
wpd015,1,1,wearpd
wpd015,1,1,wearpd
wpd015,1,1,wearpd
wpd015,1,1,wearpd
wpd015,1,1,wearpd
wpd015,1,1,wearpd
wpd015,1,2,wearpd
wpd015,1,2,wearpd
wpd015,1,2,wearpd
wpd015,1,2,wearpd
wpd015,1,2,wearpd
wpd015,1,2,wearpd
wpd015,1,2,wearpd
wpd015,1,2,wearpd
wpd015,1,2,wearpd
wpd015,1,2,wearpd
wpd015,1,2,wearpd
wpd015,1,2,wearpd
wpd015,1,2,wearpd
wpd015,1,2,wearpd
wpd015,1,2,wearpd
wpd015,1,2,wearpd
wpd015,1,2,wearpd
wpd015,1,2,wearpd
wpd015,1,2,wearpd
wpd015,1,2,wearpd
wpd015,1,2,wearpd
wpd015,1,2,wearpd
wpd015,1,2,wearpd
wpd015,1,2,wearpd
wpd016,1,0,wearpd
wpd016,1,0,wearpd
wpd016,1,0,wearpd
wpd016,1,0,wearpd
wpd016,1,0,wearpd
wpd016,1,0,wearpd
wpd016,1,0,wearpd
wpd016,1,0,wearpd
wpd016,1,1,wearpd
wpd016,1,1,wearpd
wpd016,1,1,wearpd
wpd016,1,1,wearpd
wpd016,1,1,wearpd
wpd016,1,1,wearpd
wpd016,1,1,wearpd
wpd016,1,1,wearpd
wpd016,1,2,wearpd
wpd016,1,2,wearpd
wpd016,1,2,wearpd
wpd016,1,2,wearpd
wpd016,1,2,wearpd
wpd016,1,2,wearpd
wpd016,1,2,wearpd
wpd016,1,2,wearpd
wpd016,1,2,wearpd
wpd016,1,2,wearpd
wpd016,1,2,wearpd
wpd016,1,2,wearpd
wpd016,1,2,wearpd
wpd016,1,2,wearpd
wpd016,1,2,wearpd
wpd016,1,2,wearpd
wpd016,1,2,wearpd
wpd016,1,2,wearpd
wpd016,1,2,wearpd
wpd016,1,2,wearpd
wpd016,1,2,wearpd
wpd016,1,2,wearpd
wpd016,1,2,wearpd
wpd016,1,2,wearpd
wpd016,1,2,wearpd
wpd016,1,2,wearpd
wpd016,1,2,wearpd
wpd016,1,2,wearpd
wpd016,1,2,wearpd
wpd016,1,2,wearpd
wpd016,1,2,wearpd
wpd017,1,0,wearpd
wpd017,1,0,wearpd
wpd017,1,0,wearpd
wpd017,1,0,wearpd
wpd017,1,0,wearpd
wpd017,1,0,wearpd
wpd017,1,0,wearpd
wpd017,1,0,wearpd
wpd017,1,1,wearpd
wpd017,1,1,wearpd
wpd017,1,1,wearpd
wpd017,1,1,wearpd
wpd017,1,1,wearpd
wpd017,1,1,wearpd
wpd017,1,1,wearpd
wpd017,1,1,wearpd
wpd017,1,1,wearpd
wpd017,1,2,wearpd
wpd017,1,2,wearpd
wpd017,1,2,wearpd
wpd017,1,2,wearpd
wpd017,1,2,wearpd
wpd017,1,2,wearpd
wpd017,1,2,wearpd
wpd017,1,2,wearpd
wpd017,1,2,wearpd
wpd017,1,2,wearpd
wpd017,1,2,wearpd
wpd017,1,2,wearpd
wpd017,1,2,wearpd
wpd017,1,2,wearpd
wpd017,1,2,wearpd
wpd017,1,2,wearpd
wpd017,1,2,wearpd
wpd017,1,2,wearpd
wpd017,1,2,wearpd
wpd017,1,2,wearpd
wpd017,1,2,wearpd
wpd017,1,2,wearpd
wpd017,1,2,wearpd
wpd017,1,2,wearpd
wpd017,1,2,wearpd
wpd017,1,2,wearpd
wpd017,1,2,wearpd
wpd017,1,2,wearpd
wpd017,1,2,wearpd
wpd017,1,2,wearpd
wpd017,1,2,wearpd
wpd018,1,0,wearpd
wpd018,1,0,wearpd
wpd018,1,0,wearpd
wpd018,1,0,wearpd
wpd018,1,0,wearpd
wpd018,1,0,wearpd
wpd018,1,0,wearpd
wpd018,1,1,wearpd
wpd018,1,1,wearpd
wpd018,1,1,wearpd
wpd018,1,1,wearpd
wpd018,1,1,wearpd
wpd018,1,1,wearpd
wpd018,1,1,wearpd
wpd018,1,1,wearpd
wpd018,1,2,wearpd
wpd018,1,2,wearpd
wpd018,1,2,wearpd
wpd018,1,2,wearpd
wpd018,1,2,wearpd
wpd018,1,2,wearpd
wpd018,1,2,wearpd
wpd018,1,2,wearpd
wpd018,1,2,wearpd
wpd018,1,2,wearpd
wpd018,1,2,wearpd
wpd018,1,2,wearpd
wpd018,1,2,wearpd
wpd018,1,2,wearpd
wpd018,1,2,wearpd
wpd018,1,2,wearpd
wpd018,1,2,wearpd
wpd018,1,2,wearpd
wpd018,1,2,wearpd
wpd018,1,2,wearpd
wpd018,1,2,wearpd
wpd018,1,2,wearpd
wpd018,1,2,wearpd
wpd018,1,2,wearpd
wpd018,1,2,wearpd
wpd018,1,2,wearpd
wpd018,1,2,wearpd
wpd018,1,2,wearpd
wpd018,1,2,wearpd
wpd018,1,2,wearpd
wpd018,1,2,wearpd
wpd018,1,2,wearpd
wpd019,1,0,wearpd
wpd019,1,0,wearpd
wpd019,1,0,wearpd
wpd019,1,0,wearpd
wpd019,1,0,wearpd
wpd019,1,0,wearpd
wpd019,1,0,wearpd
wpd019,1,0,wearpd
wpd019,1,0,wearpd
wpd019,1,0,wearpd
wpd019,1,1,wearpd
wpd019,1,1,wearpd
wpd019,1,1,wearpd
wpd019,1,1,wearpd
wpd019,1,1,wearpd
wpd019,1,1,wearpd
wpd019,1,1,wearpd
wpd019,1,1,wearpd
wpd019,1,1,wearpd
wpd019,1,1,wearpd
wpd019,1,2,wearpd
wpd019,1,2,wearpd
wpd019,1,2,wearpd
wpd019,1,2,wearpd
wpd019,1,2,wearpd
wpd019,1,2,wearpd
wpd019,1,2,wearpd
wpd019,1,2,wearpd
wpd019,1,2,wearpd
wpd019,1,2,wearpd
wpd019,1,2,wearpd
wpd019,1,2,wearpd
wpd019,1,2,wearpd
wpd019,1,2,wearpd
wpd019,1,2,wearpd
wpd019,1,2,wearpd
wpd019,1,2,wearpd
wpd019,1,2,wearpd
wpd019,1,2,wearpd
wpd019,1,2,wearpd
wpd019,1,2,wearpd
wpd019,1,2,wearpd
wpd019,1,2,wearpd
wpd019,1,2,wearpd
wpd019,1,2,wearpd
wpd019,1,2,wearpd
wpd019,1,2,wearpd
wpd019,1,2,wearpd
wpd019,1,2,wearpd
wpd019,1,2,wearpd
wpd019,1,2,wearpd
wpd019,1,2,wearpd
wpd019,1,2,wearpd
wpd020,1,0,wearpd
wpd020,1,0,wearpd
wpd020,1,0,wearpd
wpd020,1,0,wearpd
wpd020,1,0,wearpd
wpd020,1,0,wearpd
wpd020,1,0,wearpd
wpd020,1,0,wearpd
wpd020,1,1,wearpd
wpd020,1,1,wearpd
wpd020,1,1,wearpd
wpd020,1,1,wearpd
wpd020,1,1,wearpd
wpd020,1,1,wearpd
wpd020,1,1,wearpd
wpd020,1,1,wearpd
wpd020,1,1,wearpd
wpd020,1,2,wearpd
wpd020,1,2,wearpd
wpd020,1,2,wearpd
wpd020,1,2,wearpd
wpd020,1,2,wearpd
wpd020,1,2,wearpd
wpd020,1,2,wearpd
wpd020,1,2,wearpd
wpd020,1,2,wearpd
wpd020,1,2,wearpd
wpd020,1,2,wearpd
wpd020,1,2,wearpd
wpd020,1,2,wearpd
wpd020,1,2,wearpd
wpd020,1,2,wearpd
wpd020,1,2,wearpd
wpd020,1,2,wearpd
wpd020,1,2,wearpd
wpd020,1,2,wearpd
wpd020,1,2,wearpd
wpd020,1,2,wearpd
wpd020,1,2,wearpd
wpd020,1,2,wearpd
wpd020,1,2,wearpd
wpd020,1,2,wearpd
wpd020,1,2,wearpd
wpd020,1,2,wearpd
wpd020,1,2,wearpd
wpd020,1,2,wearpd
wpd020,1,2,wearpd
wpd020,1,2,wearpd
wpd020,1,2,wearpd
wpd020,1,2,wearpd
wpd020,1,2,wearpd
wpd020,1,2,wearpd
wpd020,1,2,wearpd
wpd020,1,2,wearpd
wpd021,1,0,wearpd
wpd021,1,0,wearpd
wpd021,1,0,wearpd
wpd021,1,0,wearpd
wpd021,1,0,wearpd
wpd021,1,0,wearpd
wpd021,1,0,wearpd
wpd021,1,0,wearpd
wpd021,1,1,wearpd
wpd021,1,1,wearpd
wpd021,1,1,wearpd
wpd021,1,1,wearpd
wpd021,1,1,wearpd
wpd021,1,1,wearpd
wpd021,1,1,wearpd
wpd021,1,2,wearpd
wpd021,1,2,wearpd
wpd021,1,2,wearpd
wpd021,1,2,wearpd
wpd021,1,2,wearpd
wpd021,1,2,wearpd
wpd021,1,2,wearpd
wpd021,1,2,wearpd
wpd021,1,2,wearpd
wpd021,1,2,wearpd
wpd021,1,2,wearpd
wpd021,1,2,wearpd
wpd021,1,2,wearpd
wpd021,1,2,wearpd
wpd021,1,2,wearpd
wpd021,1,2,wearpd
wpd021,1,2,wearpd
wpd021,1,2,wearpd
wpd021,1,2,wearpd
wpd021,1,2,wearpd
wpd021,1,2,wearpd
wpd021,1,2,wearpd
wpd021,1,2,wearpd
wpd021,1,2,wearpd
wpd021,1,2,wearpd
wpd021,1,2,wearpd
wpd021,1,2,wearpd
wpd021,1,2,wearpd
wpd021,1,2,wearpd
wpd021,1,2,wearpd
wpd021,1,2,wearpd
wpd022,1,0,wearpd
wpd022,1,0,wearpd
wpd022,1,0,wearpd
wpd022,1,0,wearpd
wpd022,1,0,wearpd
wpd022,1,0,wearpd
wpd022,1,0,wearpd
wpd022,1,0,wearpd
wpd022,1,1,wearpd
wpd022,1,1,wearpd
wpd022,1,1,wearpd
wpd022,1,1,wearpd
wpd022,1,1,wearpd
wpd022,1,1,wearpd
wpd022,1,1,wearpd
wpd022,1,1,wearpd
wpd022,1,1,wearpd
wpd022,1,2,wearpd
wpd022,1,2,wearpd
wpd022,1,2,wearpd
wpd022,1,2,wearpd
wpd022,1,2,wearpd
wpd022,1,2,wearpd
wpd022,1,2,wearpd
wpd022,1,2,wearpd
wpd022,1,2,wearpd
wpd022,1,2,wearpd
wpd022,1,2,wearpd
wpd022,1,2,wearpd
wpd022,1,2,wearpd
wpd022,1,2,wearpd
wpd022,1,2,wearpd
wpd022,1,2,wearpd
wpd022,1,2,wearpd
wpd022,1,2,wearpd
wpd022,1,2,wearpd
wpd022,1,2,wearpd
wpd022,1,2,wearpd
wpd022,1,2,wearpd
wpd022,1,2,wearpd
wpd022,1,2,wearpd
wpd022,1,2,wearpd
wpd022,1,2,wearpd
wpd022,1,2,wearpd
wpd022,1,2,wearpd
wpd022,1,2,wearpd
wpd022,1,2,wearpd
wpd022,1,2,wearpd
wpd022,1,2,wearpd
wpd022,1,2,wearpd
wpd022,1,2,wearpd
wpd023,1,0,wearpd
wpd023,1,0,wearpd
wpd023,1,0,wearpd
wpd023,1,0,wearpd
wpd023,1,0,wearpd
wpd023,1,0,wearpd
wpd023,1,0,wearpd
wpd023,1,0,wearpd
wpd023,1,0,wearpd
wpd023,1,1,wearpd
wpd023,1,1,wearpd
wpd023,1,1,wearpd
wpd023,1,1,wearpd
wpd023,1,1,wearpd
wpd023,1,1,wearpd
wpd023,1,1,wearpd
wpd023,1,1,wearpd
wpd023,1,1,wearpd
wpd023,1,2,wearpd
wpd023,1,2,wearpd
wpd023,1,2,wearpd
wpd023,1,2,wearpd
wpd023,1,2,wearpd
wpd023,1,2,wearpd
wpd023,1,2,wearpd
wpd023,1,2,wearpd
wpd023,1,2,wearpd
wpd023,1,2,wearpd
wpd023,1,2,wearpd
wpd023,1,2,wearpd
wpd023,1,2,wearpd
wpd023,1,2,wearpd
wpd023,1,2,wearpd
wpd023,1,2,wearpd
wpd023,1,2,wearpd
wpd023,1,2,wearpd
wpd023,1,2,wearpd
wpd023,1,2,wearpd
wpd023,1,2,wearpd
wpd023,1,2,wearpd
wpd023,1,2,wearpd
wpd023,1,2,wearpd
wpd023,1,2,wearpd
wpd023,1,2,wearpd
wpd023,1,2,wearpd
wpd023,1,2,wearpd
wpd023,1,2,wearpd
wpd023,1,2,wearpd
wpd023,1,2,wearpd
wpd023,1,2,wearpd
wpd023,1,2,wearpd
wpd023,1,2,wearpd
wpd023,1,2,wearpd
wpd023,1,2,wearpd
wpd024,1,0,wearpd
wpd024,1,0,wearpd
wpd024,1,0,wearpd
wpd024,1,0,wearpd
wpd024,1,0,wearpd
wpd024,1,0,wearpd
wpd024,1,0,wearpd
wpd024,1,0,wearpd
wpd024,1,1,wearpd
wpd024,1,1,wearpd
wpd024,1,1,wearpd
wpd024,1,1,wearpd
wpd024,1,1,wearpd
wpd024,1,1,wearpd
wpd024,1,1,wearpd
wpd024,1,1,wearpd
wpd024,1,1,wearpd
wpd024,1,1,wearpd
wpd024,1,1,wearpd
wpd024,1,1,wearpd
wpd024,1,2,wearpd
wpd024,1,2,wearpd
wpd024,1,2,wearpd
wpd024,1,2,wearpd
wpd024,1,2,wearpd
wpd024,1,2,wearpd
wpd024,1,2,wearpd
wpd024,1,2,wearpd
wpd024,1,2,wearpd
wpd024,1,2,wearpd
wpd024,1,2,wearpd
wpd024,1,2,wearpd
wpd024,1,2,wearpd
wpd024,1,2,wearpd
wpd024,1,2,wearpd
wpd024,1,2,wearpd
wpd024,1,2,wearpd
wpd024,1,2,wearpd
wpd024,1,2,wearpd
wpd024,1,2,wearpd
wpd024,1,2,wearpd
wpd024,1,2,wearpd
wpd024,1,2,wearpd
wpd024,1,2,wearpd
wpd024,1,2,wearpd
wpd024,1,2,wearpd
wpd024,1,2,wearpd
wpd024,1,2,wearpd
wpd024,1,2,wearpd
wpd024,1,2,wearpd
wpd024,1,2,wearpd
wpd024,1,2,wearpd
wpd024,1,2,wearpd
wpd025,1,0,wearpd
wpd025,1,0,wearpd
wpd025,1,0,wearpd
wpd025,1,0,wearpd
wpd025,1,0,wearpd
wpd025,1,0,wearpd
wpd025,1,0,wearpd
wpd025,1,0,wearpd
wpd025,1,0,wearpd
wpd025,1,0,wearpd
wpd025,1,1,wearpd
wpd025,1,1,wearpd
wpd025,1,1,wearpd
wpd025,1,1,wearpd
wpd025,1,1,wearpd
wpd025,1,1,wearpd
wpd025,1,1,wearpd
wpd025,1,1,wearpd
wpd025,1,1,wearpd
wpd025,1,1,wearpd
wpd025,1,1,wearpd
wpd025,1,1,wearpd
wpd025,1,1,wearpd
wpd025,1,1,wearpd
wpd025,1,2,wearpd
wpd025,1,2,wearpd
wpd025,1,2,wearpd
wpd025,1,2,wearpd
wpd025,1,2,wearpd
wpd025,1,2,wearpd
wpd025,1,2,wearpd
wpd025,1,2,wearpd
wpd025,1,2,wearpd
wpd025,1,2,wearpd
wpd025,1,2,wearpd
wpd025,1,2,wearpd
wpd025,1,2,wearpd
wpd025,1,2,wearpd
wpd025,1,2,wearpd
wpd025,1,2,wearpd
wpd025,1,2,wearpd
wpd025,1,2,wearpd
wpd025,1,2,wearpd
wpd025,1,2,wearpd
wpd025,1,2,wearpd
wpd025,1,2,wearpd
wpd025,1,2,wearpd
wpd025,1,2,wearpd
wpd025,1,2,wearpd
wpd025,1,2,wearpd
wpd025,1,2,wearpd
wpd025,1,2,wearpd
wpd025,1,2,wearpd
wpd025,1,2,wearpd
wpd025,1,2,wearpd
wpd025,1,2,wearpd
wpd025,1,2,wearpd
wpd025,1,2,wearpd
wpd025,1,2,wearpd
wpd025,1,2,wearpd
wpd025,1,2,wearpd
wpd025,1,2,wearpd
wpd025,1,2,wearpd
wpd025,1,2,wearpd
wpd025,1,2,wearpd
wpd025,1,2,wearpd
wpd025,1,2,wearpd
wpd025,1,2,wearpd
wpd026,1,0,wearpd
wpd026,1,0,wearpd
wpd026,1,0,wearpd
wpd026,1,0,wearpd
wpd026,1,0,wearpd
wpd026,1,0,wearpd
wpd026,1,0,wearpd
wpd026,1,0,wearpd
wpd026,1,0,wearpd
wpd026,1,1,wearpd
wpd026,1,1,wearpd
wpd026,1,1,wearpd
wpd026,1,1,wearpd
wpd026,1,1,wearpd
wpd026,1,1,wearpd
wpd026,1,1,wearpd
wpd026,1,1,wearpd
wpd026,1,1,wearpd
wpd026,1,2,wearpd
wpd026,1,2,wearpd
wpd026,1,2,wearpd
wpd026,1,2,wearpd
wpd026,1,2,wearpd
wpd026,1,2,wearpd
wpd026,1,2,wearpd
wpd026,1,2,wearpd
wpd026,1,2,wearpd
wpd026,1,2,wearpd
wpd026,1,2,wearpd
wpd026,1,2,wearpd
wpd026,1,2,wearpd
wpd026,1,2,wearpd
wpd026,1,2,wearpd
wpd026,1,2,wearpd
wpd026,1,2,wearpd
wpd026,1,2,wearpd
wpd026,1,2,wearpd
wpd026,1,2,wearpd
wpd026,1,2,wearpd
wpd026,1,2,wearpd
wpd026,1,2,wearpd
wpd026,1,2,wearpd
wpd026,1,2,wearpd
wpd026,1,2,wearpd
wpd026,1,2,wearpd
wpd026,1,2,wearpd
wpd026,1,2,wearpd
wpd026,1,2,wearpd
wpd026,1,2,wearpd
wpd026,1,2,wearpd
wpd027,1,0,wearpd
wpd027,1,0,wearpd
wpd027,1,0,wearpd
wpd027,1,0,wearpd
wpd027,1,0,wearpd
wpd027,1,0,wearpd
wpd027,1,0,wearpd
wpd027,1,0,wearpd
wpd027,1,1,wearpd
wpd027,1,1,wearpd
wpd027,1,1,wearpd
wpd027,1,1,wearpd
wpd027,1,1,wearpd
wpd027,1,1,wearpd
wpd027,1,1,wearpd
wpd027,1,1,wearpd
wpd027,1,2,wearpd
wpd027,1,2,wearpd
wpd027,1,2,wearpd
wpd027,1,2,wearpd
wpd027,1,2,wearpd
wpd027,1,2,wearpd
wpd027,1,2,wearpd
wpd027,1,2,wearpd
wpd027,1,2,wearpd
wpd027,1,2,wearpd
wpd027,1,2,wearpd
wpd027,1,2,wearpd
wpd027,1,2,wearpd
wpd027,1,2,wearpd
wpd027,1,2,wearpd
wpd027,1,2,wearpd
wpd027,1,2,wearpd
wpd027,1,2,wearpd
wpd027,1,2,wearpd
wpd027,1,2,wearpd
wpd027,1,2,wearpd
wpd027,1,2,wearpd
wpd027,1,2,wearpd
wpd027,1,2,wearpd
wpd027,1,2,wearpd
wpd027,1,2,wearpd
wpd027,1,2,wearpd
wpd027,1,2,wearpd
wpd027,1,2,wearpd
wpd027,1,2,wearpd
wpd027,1,2,wearpd
wpd027,1,2,wearpd
wpd029,1,0,wearpd
wpd029,1,0,wearpd
wpd029,1,0,wearpd
wpd029,1,0,wearpd
wpd029,1,0,wearpd
wpd029,1,0,wearpd
wpd029,1,0,wearpd
wpd029,1,0,wearpd
wpd029,1,0,wearpd
wpd029,1,1,wearpd
wpd029,1,1,wearpd
wpd029,1,1,wearpd
wpd029,1,1,wearpd
wpd029,1,1,wearpd
wpd029,1,1,wearpd
wpd029,1,1,wearpd
wpd029,1,1,wearpd
wpd029,1,1,wearpd
wpd029,1,1,wearpd
wpd029,1,2,wearpd
wpd029,1,2,wearpd
wpd029,1,2,wearpd
wpd029,1,2,wearpd
wpd029,1,2,wearpd
wpd029,1,2,wearpd
wpd029,1,2,wearpd
wpd029,1,2,wearpd
wpd029,1,2,wearpd
wpd029,1,2,wearpd
wpd029,1,2,wearpd
wpd029,1,2,wearpd
wpd029,1,2,wearpd
wpd029,1,2,wearpd
wpd029,1,2,wearpd
wpd029,1,2,wearpd
wpd029,1,2,wearpd
wpd029,1,2,wearpd
wpd029,1,2,wearpd
wpd029,1,2,wearpd
wpd029,1,2,wearpd
wpd029,1,2,wearpd
wpd029,1,2,wearpd
wpd029,1,2,wearpd
wpd029,1,2,wearpd
wpd029,1,2,wearpd
wpd029,1,2,wearpd
wpd029,1,2,wearpd
wpd029,1,2,wearpd
wpd029,1,2,wearpd
wpd029,1,2,wearpd
wpd029,1,2,wearpd
wpd029,1,2,wearpd
wpd029,1,2,wearpd
wpd029,1,2,wearpd
wpd029,1,2,wearpd
wpd029,1,2,wearpd
wpd029,1,2,wearpd
wpd029,1,2,wearpd
wpd029,1,2,wearpd
wpd029,1,2,wearpd
wpd029,1,2,wearpd
wpd029,1,2,wearpd
